{"v":"5.7.3","fr":29.9700012207031,"ip":0,"op":60.0000024438501,"w":176,"h":176,"nm":"shoes 3","ddd":0,"assets":[{"id":"comp_0","layers":[{"ddd":0,"ind":1,"ty":0,"nm":"star1","refId":"comp_1","sr":1,"ks":{"o":{"a":0,"k":100,"ix":11},"r":{"a":0,"k":0,"ix":10},"p":{"a":0,"k":[73,57.75,0],"ix":2},"a":{"a":0,"k":[88,88,0],"ix":1},"s":{"a":0,"k":[100,100,100],"ix":6}},"ao":0,"w":176,"h":176,"ip":60.0000024438501,"op":120.0000048877,"st":60.0000024438501,"bm":0},{"ddd":0,"ind":2,"ty":0,"nm":"star1","refId":"comp_1","sr":1,"ks":{"o":{"a":0,"k":100,"ix":11},"r":{"a":0,"k":0,"ix":10},"p":{"a":0,"k":[73,57.75,0],"ix":2},"a":{"a":0,"k":[88,88,0],"ix":1},"s":{"a":0,"k":[100,100,100],"ix":6}},"ao":0,"w":176,"h":176,"ip":0,"op":60.0000024438501,"st":0,"bm":0}]},{"id":"comp_1","layers":[{"ddd":0,"ind":1,"ty":4,"nm":"star1 Outlines","sr":1,"ks":{"o":{"a":0,"k":100,"ix":11},"r":{"a":0,"k":0,"ix":10},"p":{"a":0,"k":[26.757,76.573,0],"ix":2},"a":{"a":0,"k":[26.757,76.573,0],"ix":1},"s":{"a":1,"k":[{"i":{"x":[0.667,0.667,0.667],"y":[1,1,1]},"o":{"x":[0.333,0.333,0.333],"y":[0,0,0]},"t":12,"s":[100,100,100]},{"i":{"x":[0.667,0.667,0.667],"y":[1,1,1]},"o":{"x":[0.333,0.333,0.333],"y":[0,0,0]},"t":15,"s":[130,130,100]},{"i":{"x":[0.667,0.667,0.667],"y":[1,1,1]},"o":{"x":[0.333,0.333,0.333],"y":[0,0,0]},"t":18,"s":[100,100,100]},{"i":{"x":[0.667,0.667,0.667],"y":[1,1,1]},"o":{"x":[0.333,0.333,0.333],"y":[0,0,0]},"t":42,"s":[100,100,100]},{"i":{"x":[0.667,0.667,0.667],"y":[1,1,1]},"o":{"x":[0.333,0.333,0.333],"y":[0,0,0]},"t":45,"s":[130,130,100]},{"t":48.0000019550801,"s":[100,100,100]}],"ix":6}},"ao":0,"shapes":[{"ty":"gr","it":[{"ind":0,"ty":"sh","ix":1,"ks":{"a":0,"k":{"i":[[0,0],[0,0]],"o":[[0,0],[0,0]],"v":[[0.708,0.707],[-0.708,-0.707]],"c":false},"ix":2},"nm":"Path 1","mn":"ADBE Vector Shape - Group","hd":false},{"ty":"st","c":{"a":0,"k":[0.458823531866,0.458823531866,0.458823531866,1],"ix":3},"o":{"a":0,"k":100,"ix":4},"w":{"a":0,"k":1,"ix":5},"lc":2,"lj":2,"bm":0,"nm":"Stroke 1","mn":"ADBE Vector Graphic - Stroke","hd":false},{"ty":"tr","p":{"a":0,"k":[24.774,74.696],"ix":2},"a":{"a":0,"k":[0,0],"ix":1},"s":{"a":0,"k":[100,100],"ix":3},"r":{"a":0,"k":0,"ix":6},"o":{"a":0,"k":100,"ix":7},"sk":{"a":0,"k":0,"ix":4},"sa":{"a":0,"k":0,"ix":5},"nm":"Transform"}],"nm":"Group 1","np":2,"cix":2,"bm":0,"ix":1,"mn":"ADBE Vector Group","hd":false},{"ty":"gr","it":[{"ind":0,"ty":"sh","ix":1,"ks":{"a":0,"k":{"i":[[0,0],[0,0]],"o":[[0,0],[0,0]],"v":[[0.707,0.707],[-0.707,-0.707]],"c":false},"ix":2},"nm":"Path 1","mn":"ADBE Vector Shape - Group","hd":false},{"ty":"st","c":{"a":0,"k":[0.458823531866,0.458823531866,0.458823531866,1],"ix":3},"o":{"a":0,"k":100,"ix":4},"w":{"a":0,"k":1,"ix":5},"lc":2,"lj":2,"bm":0,"nm":"Stroke 1","mn":"ADBE Vector Graphic - Stroke","hd":false},{"ty":"tr","p":{"a":0,"k":[28.736,78.657],"ix":2},"a":{"a":0,"k":[0,0],"ix":1},"s":{"a":0,"k":[100,100],"ix":3},"r":{"a":0,"k":0,"ix":6},"o":{"a":0,"k":100,"ix":7},"sk":{"a":0,"k":0,"ix":4},"sa":{"a":0,"k":0,"ix":5},"nm":"Transform"}],"nm":"Group 2","np":2,"cix":2,"bm":0,"ix":2,"mn":"ADBE Vector Group","hd":false},{"ty":"gr","it":[{"ind":0,"ty":"sh","ix":1,"ks":{"a":0,"k":{"i":[[0,0],[0,0]],"o":[[0,0],[0,0]],"v":[[0.707,-0.707],[-0.707,0.707]],"c":false},"ix":2},"nm":"Path 1","mn":"ADBE Vector Shape - Group","hd":false},{"ty":"st","c":{"a":0,"k":[0.458823531866,0.458823531866,0.458823531866,1],"ix":3},"o":{"a":0,"k":100,"ix":4},"w":{"a":0,"k":1,"ix":5},"lc":2,"lj":2,"bm":0,"nm":"Stroke 1","mn":"ADBE Vector Graphic - Stroke","hd":false},{"ty":"tr","p":{"a":0,"k":[24.774,78.657],"ix":2},"a":{"a":0,"k":[0,0],"ix":1},"s":{"a":0,"k":[100,100],"ix":3},"r":{"a":0,"k":0,"ix":6},"o":{"a":0,"k":100,"ix":7},"sk":{"a":0,"k":0,"ix":4},"sa":{"a":0,"k":0,"ix":5},"nm":"Transform"}],"nm":"Group 3","np":2,"cix":2,"bm":0,"ix":3,"mn":"ADBE Vector Group","hd":false},{"ty":"gr","it":[{"ind":0,"ty":"sh","ix":1,"ks":{"a":0,"k":{"i":[[0,0],[0,0]],"o":[[0,0],[0,0]],"v":[[0.708,-0.708],[-0.708,0.708]],"c":false},"ix":2},"nm":"Path 1","mn":"ADBE Vector Shape - Group","hd":false},{"ty":"st","c":{"a":0,"k":[0.458823531866,0.458823531866,0.458823531866,1],"ix":3},"o":{"a":0,"k":100,"ix":4},"w":{"a":0,"k":1,"ix":5},"lc":2,"lj":2,"bm":0,"nm":"Stroke 1","mn":"ADBE Vector Graphic - Stroke","hd":false},{"ty":"tr","p":{"a":0,"k":[28.735,74.696],"ix":2},"a":{"a":0,"k":[0,0],"ix":1},"s":{"a":0,"k":[100,100],"ix":3},"r":{"a":0,"k":0,"ix":6},"o":{"a":0,"k":100,"ix":7},"sk":{"a":0,"k":0,"ix":4},"sa":{"a":0,"k":0,"ix":5},"nm":"Transform"}],"nm":"Group 4","np":2,"cix":2,"bm":0,"ix":4,"mn":"ADBE Vector Group","hd":false}],"ip":0,"op":60.0000024438501,"st":0,"bm":0}]},{"id":"comp_2","layers":[{"ddd":0,"ind":1,"ty":0,"nm":"star2","refId":"comp_3","sr":1,"ks":{"o":{"a":0,"k":100,"ix":11},"r":{"a":0,"k":0,"ix":10},"p":{"a":0,"k":[103.75,68,0],"ix":2},"a":{"a":0,"k":[88,88,0],"ix":1},"s":{"a":0,"k":[100,100,100],"ix":6}},"ao":0,"w":176,"h":176,"ip":60.0000024438501,"op":120.0000048877,"st":60.0000024438501,"bm":0},{"ddd":0,"ind":2,"ty":0,"nm":"star2","refId":"comp_3","sr":1,"ks":{"o":{"a":0,"k":100,"ix":11},"r":{"a":0,"k":0,"ix":10},"p":{"a":0,"k":[103.75,68,0],"ix":2},"a":{"a":0,"k":[88,88,0],"ix":1},"s":{"a":0,"k":[100,100,100],"ix":6}},"ao":0,"w":176,"h":176,"ip":0,"op":60.0000024438501,"st":0,"bm":0}]},{"id":"comp_3","layers":[{"ddd":0,"ind":1,"ty":4,"nm":"star2 Outlines","sr":1,"ks":{"o":{"a":0,"k":100,"ix":11},"r":{"a":0,"k":0,"ix":10},"p":{"a":0,"k":[137.317,45.617,0],"ix":2},"a":{"a":0,"k":[137.317,45.617,0],"ix":1},"s":{"a":1,"k":[{"i":{"x":[0.667,0.667,0.667],"y":[1,1,1]},"o":{"x":[0.333,0.333,0.333],"y":[0,0,0]},"t":12,"s":[100,100,100]},{"i":{"x":[0.667,0.667,0.667],"y":[1,1,1]},"o":{"x":[0.333,0.333,0.333],"y":[0,0,0]},"t":15,"s":[130,130,100]},{"i":{"x":[0.667,0.667,0.667],"y":[1,1,1]},"o":{"x":[0.333,0.333,0.333],"y":[0,0,0]},"t":18,"s":[100,100,100]},{"i":{"x":[0.667,0.667,0.667],"y":[1,1,1]},"o":{"x":[0.333,0.333,0.333],"y":[0,0,0]},"t":42,"s":[100,100,100]},{"i":{"x":[0.667,0.667,0.667],"y":[1,1,1]},"o":{"x":[0.333,0.333,0.333],"y":[0,0,0]},"t":45,"s":[130,130,100]},{"t":48.0000019550801,"s":[100,100,100]}],"ix":6}},"ao":0,"shapes":[{"ty":"gr","it":[{"ind":0,"ty":"sh","ix":1,"ks":{"a":0,"k":{"i":[[0,0],[0,0]],"o":[[0,0],[0,0]],"v":[[1.414,1.415],[-1.414,-1.415]],"c":false},"ix":2},"nm":"Path 1","mn":"ADBE Vector Shape - Group","hd":false},{"ty":"st","c":{"a":0,"k":[0.458823531866,0.458823531866,0.458823531866,1],"ix":3},"o":{"a":0,"k":100,"ix":4},"w":{"a":0,"k":1,"ix":5},"lc":2,"lj":2,"bm":0,"nm":"Stroke 1","mn":"ADBE Vector Graphic - Stroke","hd":false},{"ty":"tr","p":{"a":0,"k":[134.432,42.922],"ix":2},"a":{"a":0,"k":[0,0],"ix":1},"s":{"a":0,"k":[100,100],"ix":3},"r":{"a":0,"k":0,"ix":6},"o":{"a":0,"k":100,"ix":7},"sk":{"a":0,"k":0,"ix":4},"sa":{"a":0,"k":0,"ix":5},"nm":"Transform"}],"nm":"Group 1","np":2,"cix":2,"bm":0,"ix":1,"mn":"ADBE Vector Group","hd":false},{"ty":"gr","it":[{"ind":0,"ty":"sh","ix":1,"ks":{"a":0,"k":{"i":[[0,0],[0,0]],"o":[[0,0],[0,0]],"v":[[1.414,1.414],[-1.414,-1.414]],"c":false},"ix":2},"nm":"Path 1","mn":"ADBE Vector Shape - Group","hd":false},{"ty":"st","c":{"a":0,"k":[0.458823531866,0.458823531866,0.458823531866,1],"ix":3},"o":{"a":0,"k":100,"ix":4},"w":{"a":0,"k":1,"ix":5},"lc":2,"lj":2,"bm":0,"nm":"Stroke 1","mn":"ADBE Vector Graphic - Stroke","hd":false},{"ty":"tr","p":{"a":0,"k":[140.121,48.611],"ix":2},"a":{"a":0,"k":[0,0],"ix":1},"s":{"a":0,"k":[100,100],"ix":3},"r":{"a":0,"k":0,"ix":6},"o":{"a":0,"k":100,"ix":7},"sk":{"a":0,"k":0,"ix":4},"sa":{"a":0,"k":0,"ix":5},"nm":"Transform"}],"nm":"Group 2","np":2,"cix":2,"bm":0,"ix":2,"mn":"ADBE Vector Group","hd":false},{"ty":"gr","it":[{"ind":0,"ty":"sh","ix":1,"ks":{"a":0,"k":{"i":[[0,0],[0,0]],"o":[[0,0],[0,0]],"v":[[1.414,-1.415],[-1.414,1.415]],"c":false},"ix":2},"nm":"Path 1","mn":"ADBE Vector Shape - Group","hd":false},{"ty":"st","c":{"a":0,"k":[0.458823531866,0.458823531866,0.458823531866,1],"ix":3},"o":{"a":0,"k":100,"ix":4},"w":{"a":0,"k":1,"ix":5},"lc":2,"lj":2,"bm":0,"nm":"Stroke 1","mn":"ADBE Vector Graphic - Stroke","hd":false},{"ty":"tr","p":{"a":0,"k":[134.432,48.611],"ix":2},"a":{"a":0,"k":[0,0],"ix":1},"s":{"a":0,"k":[100,100],"ix":3},"r":{"a":0,"k":0,"ix":6},"o":{"a":0,"k":100,"ix":7},"sk":{"a":0,"k":0,"ix":4},"sa":{"a":0,"k":0,"ix":5},"nm":"Transform"}],"nm":"Group 3","np":2,"cix":2,"bm":0,"ix":3,"mn":"ADBE Vector Group","hd":false},{"ty":"gr","it":[{"ind":0,"ty":"sh","ix":1,"ks":{"a":0,"k":{"i":[[0,0],[0,0]],"o":[[0,0],[0,0]],"v":[[1.415,-1.415],[-1.415,1.415]],"c":false},"ix":2},"nm":"Path 1","mn":"ADBE Vector Shape - Group","hd":false},{"ty":"st","c":{"a":0,"k":[0.458823531866,0.458823531866,0.458823531866,1],"ix":3},"o":{"a":0,"k":100,"ix":4},"w":{"a":0,"k":1,"ix":5},"lc":2,"lj":2,"bm":0,"nm":"Stroke 1","mn":"ADBE Vector Graphic - Stroke","hd":false},{"ty":"tr","p":{"a":0,"k":[140.121,42.922],"ix":2},"a":{"a":0,"k":[0,0],"ix":1},"s":{"a":0,"k":[100,100],"ix":3},"r":{"a":0,"k":0,"ix":6},"o":{"a":0,"k":100,"ix":7},"sk":{"a":0,"k":0,"ix":4},"sa":{"a":0,"k":0,"ix":5},"nm":"Transform"}],"nm":"Group 4","np":2,"cix":2,"bm":0,"ix":4,"mn":"ADBE Vector Group","hd":false}],"ip":0,"op":60.0000024438501,"st":0,"bm":0}]},{"id":"comp_4","layers":[{"ddd":0,"ind":1,"ty":0,"nm":"правый","refId":"comp_5","sr":1,"ks":{"o":{"a":0,"k":100,"ix":11},"r":{"a":1,"k":[{"i":{"x":[0.833],"y":[0.833]},"o":{"x":[0.167],"y":[0.167]},"t":0,"s":[-10]},{"i":{"x":[0.833],"y":[0.833]},"o":{"x":[0.167],"y":[0.167]},"t":15,"s":[8]},{"i":{"x":[0.833],"y":[0.833]},"o":{"x":[0.167],"y":[0.167]},"t":30,"s":[28]},{"i":{"x":[0.833],"y":[0.833]},"o":{"x":[0.167],"y":[0.167]},"t":45,"s":[-5]},{"t":60.0000024438501,"s":[-10]}],"ix":10},"p":{"a":1,"k":[{"i":{"x":0.833,"y":0.833},"o":{"x":0.167,"y":0.167},"t":0,"s":[49.625,122,0],"to":[-1.744,-0.785,0],"ti":[4.188,1.827,0]},{"i":{"x":0.833,"y":0.833},"o":{"x":0.167,"y":0.167},"t":8,"s":[39.468,118.659,0],"to":[-1.305,-0.569,0],"ti":[1.222,0.747,0]},{"i":{"x":0.833,"y":0.833},"o":{"x":0.167,"y":0.167},"t":11,"s":[35.64,117.113,0],"to":[-1.93,-1.18,0],"ti":[1.23,0.709,0]},{"i":{"x":0.833,"y":0.833},"o":{"x":0.167,"y":0.167},"t":15,"s":[30.75,113.5,0],"to":[-6.035,-3.478,0],"ti":[5.846,4.302,0]},{"i":{"x":0.833,"y":0.833},"o":{"x":0.167,"y":0.167},"t":23,"s":[10.779,101.074,0],"to":[-5.695,-4.191,0],"ti":[-0.199,6.83,0]},{"i":{"x":0.833,"y":0.833},"o":{"x":0.167,"y":0.167},"t":30,"s":[1.75,86.5,0],"to":[0.355,-12.193,0],"ti":[-11.914,-0.875,0]},{"i":{"x":0.833,"y":0.833},"o":{"x":0.167,"y":0.167},"t":45,"s":[21.875,70.375,0],"to":[16.84,1.237,0],"ti":[-4.625,-8.396,0]},{"t":60.0000024438501,"s":[49.625,120.75,0]}],"ix":2},"a":{"a":0,"k":[39.5,121.25,0],"ix":1},"s":{"a":0,"k":[100,100,100],"ix":6}},"ao":0,"w":176,"h":176,"ip":0,"op":60.0000024438501,"st":0,"bm":0},{"ddd":0,"ind":2,"ty":0,"nm":"hit line 2","refId":"comp_6","sr":1,"ks":{"o":{"a":0,"k":100,"ix":11},"r":{"a":0,"k":0,"ix":10},"p":{"a":1,"k":[{"i":{"x":0.833,"y":0.833},"o":{"x":0.167,"y":0.167},"t":0,"s":[54,45,0],"to":[0,0,0],"ti":[0,0,0]},{"t":30.0000012219251,"s":[104,45,0]}],"ix":2},"a":{"a":0,"k":[88,88,0],"ix":1},"s":{"a":0,"k":[100,100,100],"ix":6}},"ao":0,"w":176,"h":176,"ip":0,"op":30.0000012219251,"st":0,"bm":0}]},{"id":"comp_5","layers":[{"ddd":0,"ind":1,"ty":4,"nm":"podoshva_01 Outlines","sr":1,"ks":{"o":{"a":0,"k":100,"ix":11},"r":{"a":0,"k":0,"ix":10},"p":{"a":0,"k":[88,88,0],"ix":2},"a":{"a":0,"k":[88,88,0],"ix":1},"s":{"a":0,"k":[100,100,100],"ix":6}},"ao":0,"shapes":[{"ty":"gr","it":[{"ind":0,"ty":"sh","ix":1,"ks":{"a":1,"k":[{"i":{"x":0.667,"y":1},"o":{"x":0.333,"y":0},"t":0,"s":[{"i":[[5.853,-3.111],[-0.11,0.05],[88.575,4.859],[0.049,-0.029],[0.064,-3.428],[-4.126,-1.012],[-1.325,0.061],[-6.008,22.446]],"o":[[0.111,-0.05],[0,0],[-0.059,0.028],[-2.803,0],[-0.051,2.697],[4.249,0.863],[65.329,-2.998],[-1.4,5.296]],"v":[[53.077,-5.988],[53.415,-6.135],[-57.596,4.542],[-57.777,4.625],[-62.727,9.585],[-56.152,14.42],[-40.766,16.425],[64.037,-15.952]],"c":true}]},{"i":{"x":0.667,"y":1},"o":{"x":0.333,"y":0},"t":10,"s":[{"i":[[5.853,-3.111],[-0.11,0.05],[88.575,4.859],[0.049,-0.029],[0,-3.429],[-2.803,0],[-2.017,0.121],[-5.68,21.221]],"o":[[0.111,-0.05],[0,0],[-0.059,0.028],[-2.803,0],[0,3.43],[7.445,-0.208],[58.522,-3.517],[-1.4,5.296]],"v":[[53.077,-5.988],[53.415,-6.135],[-57.596,4.542],[-57.777,4.625],[-62.852,10.835],[-57.777,17.045],[-30.347,15.875],[64.412,-18.452]],"c":true}]},{"i":{"x":0.667,"y":1},"o":{"x":0.333,"y":0},"t":15,"s":[{"i":[[5.853,-3.111],[-0.11,0.05],[88.575,4.859],[0.049,-0.029],[0,-3.429],[-2.803,0],[-2.017,0.121],[-5.68,21.221]],"o":[[0.111,-0.05],[0,0],[-0.059,0.028],[-2.803,0],[0,3.43],[7.445,-0.208],[58.522,-3.517],[-1.4,5.296]],"v":[[53.077,-5.988],[53.415,-6.135],[-57.596,4.542],[-57.777,4.625],[-62.852,10.835],[-57.777,17.045],[-30.347,15.875],[64.412,-18.452]],"c":true}]},{"i":{"x":0.667,"y":1},"o":{"x":0.333,"y":0},"t":30,"s":[{"i":[[4.957,-4.399],[-0.096,0.076],[88.575,4.858],[0.049,-0.029],[0,-3.43],[-2.803,0],[-2.035,0.174],[-0.533,21.963]],"o":[[0.097,-0.074],[0,0],[-0.059,0.027],[-2.803,0],[0,3.429],[7.445,-0.208],[59.059,-5.038],[-0.116,5.477]],"v":[[53.62,-12.299],[53.914,-12.522],[-57.597,4.542],[-57.778,4.625],[-62.853,10.835],[-57.778,17.045],[-30.217,15.527],[61.708,-27.077]],"c":true}]},{"i":{"x":0.667,"y":1},"o":{"x":0.333,"y":0},"t":45,"s":[{"i":[[5.853,-3.111],[-0.11,0.05],[88.575,4.859],[0.049,-0.029],[0,-3.429],[-2.803,0],[-2.017,0.121],[-5.68,21.221]],"o":[[0.111,-0.05],[0,0],[-0.059,0.028],[-2.803,0],[0,3.43],[7.445,-0.208],[58.522,-3.517],[-1.4,5.296]],"v":[[53.077,-5.988],[53.415,-6.135],[-57.596,4.542],[-57.777,4.625],[-62.852,10.835],[-57.777,17.045],[-30.347,15.875],[64.412,-18.452]],"c":true}]},{"i":{"x":0.667,"y":1},"o":{"x":0.333,"y":0},"t":58,"s":[{"i":[[5.853,-3.111],[-0.11,0.05],[88.575,4.859],[0.049,-0.029],[0,-3.429],[-2.803,0],[-2.017,0.121],[-5.68,21.221]],"o":[[0.111,-0.05],[0,0],[-0.059,0.028],[-2.803,0],[0,3.43],[7.445,-0.208],[58.522,-3.517],[-1.4,5.296]],"v":[[53.077,-5.988],[53.415,-6.135],[-57.596,4.542],[-57.777,4.625],[-62.852,10.835],[-57.777,17.045],[-30.347,15.875],[64.037,-16.702]],"c":true}]},{"t":59.0000024031193,"s":[{"i":[[5.853,-3.111],[-0.11,0.05],[88.575,4.859],[0.049,-0.029],[0.064,-3.428],[-4.126,-1.012],[-1.325,0.061],[-6.008,22.446]],"o":[[0.111,-0.05],[0,0],[-0.059,0.028],[-2.803,0],[-0.051,2.697],[4.249,0.863],[65.329,-2.998],[-1.4,5.296]],"v":[[53.077,-5.988],[53.415,-6.135],[-57.596,4.542],[-57.777,4.625],[-62.727,9.585],[-56.152,14.42],[-40.766,16.425],[64.037,-15.952]],"c":true}]}],"ix":2},"nm":"Path 1","mn":"ADBE Vector Shape - Group","hd":false},{"ty":"st","c":{"a":0,"k":[0.219999994016,0.219999994016,0.219999994016,1],"ix":3},"o":{"a":0,"k":100,"ix":4},"w":{"a":0,"k":1,"ix":5},"lc":2,"lj":2,"bm":0,"nm":"Stroke 1","mn":"ADBE Vector Graphic - Stroke","hd":false},{"ty":"fl","c":{"a":0,"k":[0.913999968884,0.913999968884,0.913999968884,1],"ix":4},"o":{"a":0,"k":100,"ix":5},"r":1,"bm":0,"nm":"Fill 1","mn":"ADBE Vector Graphic - Fill","hd":false},{"ty":"tr","p":{"a":0,"k":[99.778,105.468],"ix":2},"a":{"a":0,"k":[0,0],"ix":1},"s":{"a":0,"k":[100,100],"ix":3},"r":{"a":0,"k":0,"ix":6},"o":{"a":0,"k":100,"ix":7},"sk":{"a":0,"k":0,"ix":4},"sa":{"a":0,"k":0,"ix":5},"nm":"Transform"}],"nm":"Group 1","np":3,"cix":2,"bm":0,"ix":1,"mn":"ADBE Vector Group","hd":false},{"ty":"gr","it":[{"ind":0,"ty":"sh","ix":1,"ks":{"a":1,"k":[{"i":{"x":0.667,"y":1},"o":{"x":0.333,"y":0},"t":0,"s":[{"i":[[8.703,0.155],[0.03,-1.656],[-1.657,-0.029],[0,0]],"o":[[-1.657,-0.029],[-0.03,1.657],[88.626,6.472],[-31.228,10.372]],"v":[[-53.441,-5.709],[-56.494,-2.762],[-53.548,0.29],[56.524,-6.762]],"c":true}]},{"i":{"x":0.667,"y":1},"o":{"x":0.333,"y":0},"t":10,"s":[{"i":[[8.703,0.155],[0.03,-1.656],[-1.657,-0.029],[0,0]],"o":[[-1.657,-0.029],[-0.03,1.657],[88.626,6.472],[-31.228,10.372]],"v":[[-53.441,-5.709],[-56.494,-2.762],[-53.548,0.29],[56.524,-6.762]],"c":true}]},{"i":{"x":0.667,"y":1},"o":{"x":0.333,"y":0},"t":15,"s":[{"i":[[8.705,0],[0,-1.657],[-1.657,0],[0,0]],"o":[[-1.657,0],[0,1.657],[88.728,4.891],[-29.929,13.675]],"v":[[-52.784,-4.893],[-55.784,-1.893],[-52.784,1.107],[58.408,-9.561]],"c":true}]},{"i":{"x":0.667,"y":1},"o":{"x":0.333,"y":0},"t":30,"s":[{"i":[[8.705,0],[0,-1.657],[-1.657,0],[0,0]],"o":[[-1.657,0],[0,1.657],[88.728,4.891],[-25.879,20.325]],"v":[[-52.784,-4.893],[-55.784,-1.893],[-52.784,1.107],[58.908,-15.947]],"c":true}]},{"i":{"x":0.667,"y":1},"o":{"x":0.333,"y":0},"t":45,"s":[{"i":[[8.705,0],[0,-1.657],[-1.657,0],[0,0]],"o":[[-1.657,0],[0,1.657],[88.728,4.891],[-29.929,13.675]],"v":[[-52.784,-4.893],[-55.784,-1.893],[-52.784,1.107],[58.408,-9.561]],"c":true}]},{"i":{"x":0.667,"y":1},"o":{"x":0.333,"y":0},"t":58,"s":[{"i":[[8.703,0.155],[0.03,-1.656],[-1.657,-0.029],[0,0]],"o":[[-1.657,-0.029],[-0.03,1.657],[88.626,6.472],[-31.228,10.372]],"v":[[-53.441,-5.709],[-56.494,-2.762],[-53.548,0.29],[56.524,-6.762]],"c":true}]},{"t":59.0000024031193,"s":[{"i":[[8.703,0.155],[0.03,-1.656],[-1.657,-0.029],[0,0]],"o":[[-1.657,-0.029],[-0.03,1.657],[88.626,6.472],[-31.228,10.372]],"v":[[-53.441,-5.709],[-56.494,-2.762],[-53.548,0.29],[56.524,-6.762]],"c":true}]}],"ix":2},"nm":"Path 1","mn":"ADBE Vector Shape - Group","hd":false},{"ty":"st","c":{"a":0,"k":[0.219999994016,0.219999994016,0.219999994016,1],"ix":3},"o":{"a":0,"k":100,"ix":4},"w":{"a":0,"k":1,"ix":5},"lc":2,"lj":2,"bm":0,"nm":"Stroke 1","mn":"ADBE Vector Graphic - Stroke","hd":false},{"ty":"fl","c":{"a":0,"k":[1,1,1,1],"ix":4},"o":{"a":0,"k":100,"ix":5},"r":1,"bm":0,"nm":"Fill 1","mn":"ADBE Vector Graphic - Fill","hd":false},{"ty":"tr","p":{"a":0,"k":[94.784,108.893],"ix":2},"a":{"a":0,"k":[0,0],"ix":1},"s":{"a":0,"k":[100,100],"ix":3},"r":{"a":0,"k":0,"ix":6},"o":{"a":0,"k":100,"ix":7},"sk":{"a":0,"k":0,"ix":4},"sa":{"a":0,"k":0,"ix":5},"nm":"Transform"}],"nm":"Group 2","np":3,"cix":2,"bm":0,"ix":2,"mn":"ADBE Vector Group","hd":false}],"ip":0,"op":60.0000024438501,"st":-7.00000028511585,"bm":0},{"ddd":0,"ind":2,"ty":4,"nm":"decor Outlines","sr":1,"ks":{"o":{"a":0,"k":100,"ix":11},"r":{"a":0,"k":0,"ix":10},"p":{"a":0,"k":[88,88,0],"ix":2},"a":{"a":0,"k":[88,88,0],"ix":1},"s":{"a":0,"k":[100,100,100],"ix":6}},"ao":0,"shapes":[{"ty":"gr","it":[{"ind":0,"ty":"sh","ix":1,"ks":{"a":0,"k":{"i":[[0.397,0],[0.121,0.048],[-0.203,0.513],[0,0],[-0.512,-0.202],[0.203,-0.513],[0,0]],"o":[[-0.123,0],[-0.513,-0.204],[0,0],[0.206,-0.514],[0.513,0.204],[0,0],[-0.157,0.393]],"v":[[-0.935,3.421],[-1.304,3.35],[-1.865,2.052],[0.005,-2.658],[1.303,-3.219],[1.865,-1.921],[-0.005,2.789]],"c":true},"ix":2},"nm":"Path 1","mn":"ADBE Vector Shape - Group","hd":false},{"ty":"fl","c":{"a":0,"k":[0.219999994016,0.219999994016,0.219999994016,1],"ix":4},"o":{"a":0,"k":100,"ix":5},"r":1,"bm":0,"nm":"Fill 1","mn":"ADBE Vector Graphic - Fill","hd":false},{"ty":"tr","p":{"a":0,"k":[124.522,77.108],"ix":2},"a":{"a":0,"k":[0,0],"ix":1},"s":{"a":0,"k":[100,100],"ix":3},"r":{"a":0,"k":0,"ix":6},"o":{"a":0,"k":100,"ix":7},"sk":{"a":0,"k":0,"ix":4},"sa":{"a":0,"k":0,"ix":5},"nm":"Transform"}],"nm":"Group 1","np":2,"cix":2,"bm":0,"ix":1,"mn":"ADBE Vector Group","hd":false},{"ty":"gr","it":[{"ind":0,"ty":"sh","ix":1,"ks":{"a":0,"k":{"i":[[0.398,0],[0.121,0.047],[-0.202,0.514],[0,0],[-0.516,-0.202],[0.202,-0.513],[0,0]],"o":[[-0.122,0],[-0.514,-0.203],[0,0],[0.203,-0.513],[0.514,0.203],[0,0],[-0.156,0.393]],"v":[[-1.374,4.549],[-1.742,4.48],[-2.306,3.182],[0.443,-3.785],[1.742,-4.348],[2.305,-3.051],[-0.443,3.917]],"c":true},"ix":2},"nm":"Path 1","mn":"ADBE Vector Shape - Group","hd":false},{"ty":"fl","c":{"a":0,"k":[0.219999994016,0.219999994016,0.219999994016,1],"ix":4},"o":{"a":0,"k":100,"ix":5},"r":1,"bm":0,"nm":"Fill 1","mn":"ADBE Vector Graphic - Fill","hd":false},{"ty":"tr","p":{"a":0,"k":[114.773,73.697],"ix":2},"a":{"a":0,"k":[0,0],"ix":1},"s":{"a":0,"k":[100,100],"ix":3},"r":{"a":0,"k":0,"ix":6},"o":{"a":0,"k":100,"ix":7},"sk":{"a":0,"k":0,"ix":4},"sa":{"a":0,"k":0,"ix":5},"nm":"Transform"}],"nm":"Group 2","np":2,"cix":2,"bm":0,"ix":2,"mn":"ADBE Vector Group","hd":false},{"ty":"gr","it":[{"ind":0,"ty":"sh","ix":1,"ks":{"a":0,"k":{"i":[[0.401,0],[0.118,0.046],[-0.198,0.516],[0,0],[-0.516,-0.199],[0.198,-0.516],[0,0]],"o":[[-0.119,0],[-0.516,-0.198],[0,0],[0.197,-0.515],[0.515,0.198],[0,0],[-0.153,0.397]],"v":[[-1.803,5.766],[-2.161,5.699],[-2.738,4.407],[0.87,-4.992],[2.163,-5.566],[2.738,-4.274],[-0.87,5.124]],"c":true},"ix":2},"nm":"Path 1","mn":"ADBE Vector Shape - Group","hd":false},{"ty":"fl","c":{"a":0,"k":[0.219999994016,0.219999994016,0.219999994016,1],"ix":4},"o":{"a":0,"k":100,"ix":5},"r":1,"bm":0,"nm":"Fill 1","mn":"ADBE Vector Graphic - Fill","hd":false},{"ty":"tr","p":{"a":0,"k":[104.476,70.103],"ix":2},"a":{"a":0,"k":[0,0],"ix":1},"s":{"a":0,"k":[100,100],"ix":3},"r":{"a":0,"k":0,"ix":6},"o":{"a":0,"k":100,"ix":7},"sk":{"a":0,"k":0,"ix":4},"sa":{"a":0,"k":0,"ix":5},"nm":"Transform"}],"nm":"Group 3","np":2,"cix":2,"bm":0,"ix":3,"mn":"ADBE Vector Group","hd":false},{"ty":"gr","it":[{"ind":0,"ty":"sh","ix":1,"ks":{"a":0,"k":{"i":[[0.388,0],[0.129,0.055],[-0.217,0.508],[0,0],[-0.508,-0.215],[0.217,-0.508],[0,0]],"o":[[-0.132,0],[-0.507,-0.217],[0,0],[0.218,-0.509],[0.508,0.218],[0,0],[-0.163,0.379]],"v":[[-2.492,6.897],[-2.886,6.816],[-3.412,5.503],[1.572,-6.155],[2.886,-6.682],[3.412,-5.369],[-1.572,6.29]],"c":true},"ix":2},"nm":"Path 1","mn":"ADBE Vector Shape - Group","hd":false},{"ty":"fl","c":{"a":0,"k":[0.219999994016,0.219999994016,0.219999994016,1],"ix":4},"o":{"a":0,"k":100,"ix":5},"r":1,"bm":0,"nm":"Fill 1","mn":"ADBE Vector Graphic - Fill","hd":false},{"ty":"tr","p":{"a":0,"k":[93.842,66.384],"ix":2},"a":{"a":0,"k":[0,0],"ix":1},"s":{"a":0,"k":[100,100],"ix":3},"r":{"a":0,"k":0,"ix":6},"o":{"a":0,"k":100,"ix":7},"sk":{"a":0,"k":0,"ix":4},"sa":{"a":0,"k":0,"ix":5},"nm":"Transform"}],"nm":"Group 4","np":2,"cix":2,"bm":0,"ix":4,"mn":"ADBE Vector Group","hd":false},{"ty":"gr","it":[{"ind":0,"ty":"sh","ix":1,"ks":{"a":0,"k":{"i":[[0,0],[0,0],[1.191,0.153],[0,0],[-0.765,0.745],[0,0],[-0.817,-0.268]],"o":[[0,0],[-0.798,0.871],[0,0],[-1.076,-0.141],[0,0],[0.614,-0.601],[0,0]],"v":[[27.258,4.457],[23.89,8.33],[20.723,9.471],[-25.717,3.406],[-26.493,1.198],[-16.28,-8.813],[-13.949,-9.356]],"c":true},"ix":2},"nm":"Path 1","mn":"ADBE Vector Shape - Group","hd":false},{"ty":"st","c":{"a":0,"k":[0.219999994016,0.219999994016,0.219999994016,1],"ix":3},"o":{"a":0,"k":100,"ix":4},"w":{"a":0,"k":1,"ix":5},"lc":2,"lj":2,"bm":0,"nm":"Stroke 1","mn":"ADBE Vector Graphic - Stroke","hd":false},{"ty":"tr","p":{"a":0,"k":[105.605,73.971],"ix":2},"a":{"a":0,"k":[0,0],"ix":1},"s":{"a":0,"k":[100,100],"ix":3},"r":{"a":0,"k":0,"ix":6},"o":{"a":0,"k":100,"ix":7},"sk":{"a":0,"k":0,"ix":4},"sa":{"a":0,"k":0,"ix":5},"nm":"Transform"}],"nm":"Group 5","np":2,"cix":2,"bm":0,"ix":5,"mn":"ADBE Vector Group","hd":false},{"ty":"gr","it":[{"ind":0,"ty":"sh","ix":1,"ks":{"a":0,"k":{"i":[[0,0],[1.192,0.154],[0,0],[-0.764,0.744],[0,0]],"o":[[-0.796,0.871],[0,0],[-1.077,-0.141],[0,0],[0,0]],"v":[[25.574,4.275],[22.406,5.416],[-24.031,-0.65],[-24.81,-2.857],[-21.745,-5.57]],"c":true},"ix":2},"nm":"Path 1","mn":"ADBE Vector Shape - Group","hd":false},{"ty":"fl","c":{"a":0,"k":[0.913999968884,0.913999968884,0.913999968884,1],"ix":4},"o":{"a":0,"k":100,"ix":5},"r":1,"bm":0,"nm":"Fill 1","mn":"ADBE Vector Graphic - Fill","hd":false},{"ty":"tr","p":{"a":0,"k":[103.92,78.026],"ix":2},"a":{"a":0,"k":[0,0],"ix":1},"s":{"a":0,"k":[100,100],"ix":3},"r":{"a":0,"k":0,"ix":6},"o":{"a":0,"k":100,"ix":7},"sk":{"a":0,"k":0,"ix":4},"sa":{"a":0,"k":0,"ix":5},"nm":"Transform"}],"nm":"Group 6","np":2,"cix":2,"bm":0,"ix":6,"mn":"ADBE Vector Group","hd":false},{"ty":"gr","it":[{"ind":0,"ty":"sh","ix":1,"ks":{"a":0,"k":{"i":[[0,0],[0,0],[1.191,0.153],[0,0],[-0.765,0.745],[0,0],[-0.817,-0.268]],"o":[[0,0],[-0.798,0.871],[0,0],[-1.076,-0.141],[0,0],[0.614,-0.601],[0,0]],"v":[[27.258,4.457],[23.89,8.33],[20.723,9.471],[-25.717,3.406],[-26.493,1.198],[-16.28,-8.813],[-13.949,-9.356]],"c":true},"ix":2},"nm":"Path 1","mn":"ADBE Vector Shape - Group","hd":false},{"ty":"fl","c":{"a":0,"k":[1,1,1,1],"ix":4},"o":{"a":0,"k":100,"ix":5},"r":1,"bm":0,"nm":"Fill 1","mn":"ADBE Vector Graphic - Fill","hd":false},{"ty":"tr","p":{"a":0,"k":[105.605,73.971],"ix":2},"a":{"a":0,"k":[0,0],"ix":1},"s":{"a":0,"k":[100,100],"ix":3},"r":{"a":0,"k":0,"ix":6},"o":{"a":0,"k":100,"ix":7},"sk":{"a":0,"k":0,"ix":4},"sa":{"a":0,"k":0,"ix":5},"nm":"Transform"}],"nm":"Group 7","np":2,"cix":2,"bm":0,"ix":7,"mn":"ADBE Vector Group","hd":false},{"ty":"gr","it":[{"ind":0,"ty":"sh","ix":1,"ks":{"a":0,"k":{"i":[[10.689,0.802],[0.175,-0.684],[-0.633,-4.038],[0,0],[0,0],[-0.354,0],[-8.596,-0.636]],"o":[[-0.134,0.692],[-0.67,2.617],[0.602,3.675],[0,0],[0.316,-0.114],[2.194,0],[-0.361,-10.805]],"v":[[-8.852,-10.172],[-9.311,-8.106],[-10.02,2.528],[-7.408,9.118],[-7.393,9.15],[-6.389,8.964],[10.652,10.172]],"c":true},"ix":2},"nm":"Path 1","mn":"ADBE Vector Shape - Group","hd":false},{"ty":"st","c":{"a":0,"k":[0.219999994016,0.219999994016,0.219999994016,1],"ix":3},"o":{"a":0,"k":100,"ix":4},"w":{"a":0,"k":1,"ix":5},"lc":2,"lj":2,"bm":0,"nm":"Stroke 1","mn":"ADBE Vector Graphic - Stroke","hd":false},{"ty":"tr","p":{"a":0,"k":[48.388,95.036],"ix":2},"a":{"a":0,"k":[0,0],"ix":1},"s":{"a":0,"k":[100,100],"ix":3},"r":{"a":0,"k":0,"ix":6},"o":{"a":0,"k":100,"ix":7},"sk":{"a":0,"k":0,"ix":4},"sa":{"a":0,"k":0,"ix":5},"nm":"Transform"}],"nm":"Group 8","np":2,"cix":2,"bm":0,"ix":8,"mn":"ADBE Vector Group","hd":false},{"ty":"gr","it":[{"ind":0,"ty":"sh","ix":1,"ks":{"a":0,"k":{"i":[[0.175,-0.684],[-0.634,-4.038],[0,0],[0,0],[-0.354,0],[-0.169,-0.005],[-0.06,-0.002],[-0.133,-0.006],[-0.054,-0.001],[-0.453,-0.028],[-0.055,-0.003],[-0.232,-0.016],[-0.014,-0.001],[-1.09,-0.084],[0,0],[-0.191,5.156],[-2.873,1.596],[2.761,0.208]],"o":[[-0.67,2.617],[0.601,3.676],[0,0],[0.316,-0.113],[0.138,0],[0.057,0.001],[0.119,0.004],[0.053,0.002],[0.364,0.017],[0.053,0.004],[0.214,0.013],[0.014,0.002],[0.857,0.057],[0,0],[0,0],[0.115,-3.123],[-2.362,-1.165],[-0.134,0.692]],"v":[[-3.891,-7.688],[-4.599,2.946],[-1.988,9.536],[-1.974,9.568],[-0.969,9.382],[-0.508,9.389],[-0.322,9.395],[0.047,9.409],[0.215,9.416],[1.433,9.483],[1.601,9.494],[2.263,9.537],[2.308,9.541],[5.233,9.754],[5.224,9.668],[0.271,-0.169],[4.297,-7.637],[-3.433,-9.754]],"c":true},"ix":2},"nm":"Path 1","mn":"ADBE Vector Shape - Group","hd":false},{"ty":"fl","c":{"a":0,"k":[1,1,1,1],"ix":4},"o":{"a":0,"k":100,"ix":5},"r":1,"bm":0,"nm":"Fill 1","mn":"ADBE Vector Graphic - Fill","hd":false},{"ty":"tr","p":{"a":0,"k":[42.969,94.618],"ix":2},"a":{"a":0,"k":[0,0],"ix":1},"s":{"a":0,"k":[100,100],"ix":3},"r":{"a":0,"k":0,"ix":6},"o":{"a":0,"k":100,"ix":7},"sk":{"a":0,"k":0,"ix":4},"sa":{"a":0,"k":0,"ix":5},"nm":"Transform"}],"nm":"Group 9","np":2,"cix":2,"bm":0,"ix":9,"mn":"ADBE Vector Group","hd":false},{"ty":"gr","it":[{"ind":0,"ty":"sh","ix":1,"ks":{"a":0,"k":{"i":[[-0.739,-9.448],[0,0],[0,0],[-4.26,-0.316],[6.782,3.344]],"o":[[0.565,7.226],[0,0],[2.9,0.222],[-0.269,-8.015],[-2.873,1.596]],"v":[[-9.493,-1.459],[-2.852,8.192],[-2.844,8.278],[7.996,9.114],[-3.78,-9.113]],"c":true},"ix":2},"nm":"Path 1","mn":"ADBE Vector Shape - Group","hd":false},{"ty":"fl","c":{"a":0,"k":[0.913999968884,0.913999968884,0.913999968884,1],"ix":4},"o":{"a":0,"k":100,"ix":5},"r":1,"bm":0,"nm":"Fill 1","mn":"ADBE Vector Graphic - Fill","hd":false},{"ty":"tr","p":{"a":0,"k":[51.045,96.095],"ix":2},"a":{"a":0,"k":[0,0],"ix":1},"s":{"a":0,"k":[100,100],"ix":3},"r":{"a":0,"k":0,"ix":6},"o":{"a":0,"k":100,"ix":7},"sk":{"a":0,"k":0,"ix":4},"sa":{"a":0,"k":0,"ix":5},"nm":"Transform"}],"nm":"Group 10","np":2,"cix":2,"bm":0,"ix":10,"mn":"ADBE Vector Group","hd":false},{"ty":"gr","it":[{"ind":0,"ty":"sh","ix":1,"ks":{"a":0,"k":{"i":[[0,0],[0,0],[0,0],[0,0],[0,0],[0,0],[0,0],[0,0],[0,0],[0,0],[0,0],[0,0],[0,0],[0,0],[0,0],[0,0],[0,0],[0,0],[0,0],[0,0],[0,0],[0,0],[0,0],[0,0]],"o":[[0,0],[0,0],[0,0],[0,0],[0,0],[0,0],[0,0],[0,0],[0,0],[0,0],[0,0],[0,0],[0,0],[0,0],[0,0],[0,0],[0,0],[0,0],[0,0],[0,0],[0,0],[0,0],[0,0],[0,0]],"v":[[10.149,-12.021],[10.149,11.493],[7.408,11.493],[7.408,-5.301],[1.372,-5.301],[1.372,11.493],[-1.372,11.493],[-1.372,-0.48],[-7.408,-0.48],[-7.408,11.493],[-10.148,11.493],[-10.148,3.484],[-16.186,3.484],[-16.186,11.493],[-16.186,12.021],[-10.148,12.021],[-7.408,12.021],[-1.372,12.021],[1.372,12.021],[7.408,12.021],[10.149,12.021],[16.186,12.021],[16.186,11.493],[16.186,-12.021]],"c":true},"ix":2},"nm":"Path 1","mn":"ADBE Vector Shape - Group","hd":false},{"ty":"fl","c":{"a":0,"k":[1,1,1,1],"ix":4},"o":{"a":0,"k":100,"ix":5},"r":1,"bm":0,"nm":"Fill 1","mn":"ADBE Vector Graphic - Fill","hd":false},{"ty":"tr","p":{"a":0,"k":[92.771,96.002],"ix":2},"a":{"a":0,"k":[0,0],"ix":1},"s":{"a":0,"k":[100,100],"ix":3},"r":{"a":0,"k":0,"ix":6},"o":{"a":0,"k":100,"ix":7},"sk":{"a":0,"k":0,"ix":4},"sa":{"a":0,"k":0,"ix":5},"nm":"Transform"}],"nm":"Group 11","np":2,"cix":2,"bm":0,"ix":11,"mn":"ADBE Vector Group","hd":false},{"ty":"gr","it":[{"ind":0,"ty":"sh","ix":1,"ks":{"a":0,"k":{"i":[[0,0],[0.336,0.134],[1.617,-1.678],[5.823,-4.709],[2.521,1.491],[1.606,2.101],[-0.688,-7.746],[-0.078,-2.376],[0.783,-3.051],[-0.634,-4.038],[0,0]],"o":[[-0.366,-0.143],[-2.161,-0.861],[0,0],[-6.247,5.054],[-2.276,-1.345],[-2.153,-2.821],[0.055,0.615],[0.103,3.145],[-0.67,2.618],[0.601,3.676],[0,0]],"v":[[25.854,-18.985],[24.798,-19.402],[18.529,-18.051],[6.092,-5.062],[-8.786,-3.419],[-16.452,-11.696],[-23.706,-11.095],[-23.449,-6.297],[-24.512,3.039],[-25.219,13.673],[-22.607,20.263]],"c":false},"ix":2},"nm":"Path 1","mn":"ADBE Vector Shape - Group","hd":false},{"ty":"st","c":{"a":0,"k":[0.219999994016,0.219999994016,0.219999994016,1],"ix":3},"o":{"a":0,"k":100,"ix":4},"w":{"a":0,"k":1,"ix":5},"lc":2,"lj":2,"bm":0,"nm":"Stroke 1","mn":"ADBE Vector Graphic - Stroke","hd":false},{"ty":"tr","p":{"a":0,"k":[63.589,83.89],"ix":2},"a":{"a":0,"k":[0,0],"ix":1},"s":{"a":0,"k":[100,100],"ix":3},"r":{"a":0,"k":0,"ix":6},"o":{"a":0,"k":100,"ix":7},"sk":{"a":0,"k":0,"ix":4},"sa":{"a":0,"k":0,"ix":5},"nm":"Transform"}],"nm":"Group 12","np":2,"cix":2,"bm":0,"ix":12,"mn":"ADBE Vector Group","hd":false},{"ty":"gr","it":[{"ind":0,"ty":"sh","ix":1,"ks":{"a":0,"k":{"i":[[0.336,0.134],[1.618,-1.678],[5.823,-4.709],[2.522,1.491],[1.606,2.101],[-0.688,-7.746],[-0.078,-2.375],[0.466,-2.395],[-2.362,-1.165],[-5.252,-0.65],[-4.128,4],[0,0],[0,0]],"o":[[-2.161,-0.861],[0,0],[-6.247,5.054],[-2.275,-1.345],[-2.153,-2.821],[0.054,0.615],[0.08,2.44],[2.762,0.208],[2.329,-1.295],[9.837,1.218],[4.127,-4],[0,0],[-0.366,-0.143]],"v":[[24.068,-10.833],[17.799,-9.482],[5.362,3.507],[-9.516,5.15],[-17.182,-3.127],[-24.436,-2.526],[-24.178,2.271],[-24.783,9.542],[-17.053,11.66],[-5.939,10.476],[14.793,-0.152],[25.007,-10.163],[25.124,-10.416]],"c":true},"ix":2},"nm":"Path 1","mn":"ADBE Vector Shape - Group","hd":false},{"ty":"fl","c":{"a":0,"k":[1,0.490000017952,0.501999978458,1],"ix":4},"o":{"a":0,"k":100,"ix":5},"r":1,"bm":0,"nm":"Fill 1","mn":"ADBE Vector Graphic - Fill","hd":false},{"ty":"tr","p":{"a":0,"k":[64.319,75.321],"ix":2},"a":{"a":0,"k":[0,0],"ix":1},"s":{"a":0,"k":[100,100],"ix":3},"r":{"a":0,"k":0,"ix":6},"o":{"a":0,"k":100,"ix":7},"sk":{"a":0,"k":0,"ix":4},"sa":{"a":0,"k":0,"ix":5},"nm":"Transform"}],"nm":"Group 13","np":2,"cix":2,"bm":0,"ix":13,"mn":"ADBE Vector Group","hd":false}],"ip":0,"op":60.0000024438501,"st":0,"bm":0},{"ddd":0,"ind":3,"ty":4,"nm":"shoe_bg_toe_01 Outlines","sr":1,"ks":{"o":{"a":0,"k":100,"ix":11},"r":{"a":0,"k":0,"ix":10},"p":{"a":0,"k":[88,88,0],"ix":2},"a":{"a":0,"k":[88,88,0],"ix":1},"s":{"a":0,"k":[100,100,100],"ix":6}},"ao":0,"shapes":[{"ty":"gr","it":[{"ind":0,"ty":"sh","ix":1,"ks":{"a":1,"k":[{"i":{"x":0.667,"y":1},"o":{"x":0.333,"y":0},"t":0,"s":[{"i":[[3.615,2.316],[3.807,-3.399],[0.102,-5.488],[-0.576,-0.69],[-4.158,1.343],[-2.173,4.484],[0,0]],"o":[[1.826,1.372],[-10.323,9.216],[-0.041,2.182],[5.301,-0.502],[5.662,-2.265],[0,0],[0.972,-2.34]],"v":[[9.249,-11.676],[7.249,-3.417],[-14.57,7.479],[-13.282,11.676],[1.028,8.963],[13.114,-1.014],[13.639,-2.209]],"c":true}]},{"i":{"x":0.667,"y":1},"o":{"x":0.333,"y":0},"t":15,"s":[{"i":[[3.844,1.914],[3.418,-3.789],[-0.489,-5.467],[-0.647,-0.624],[-3.989,1.783],[-1.677,4.693],[0,0]],"o":[[1.964,1.167],[-9.27,10.274],[0.194,2.174],[5.215,-1.07],[5.385,-2.862],[0,0],[0.714,-2.432]],"v":[[8.877,-15.202],[7.777,-6.776],[-12.741,6.406],[-11.009,10.44],[2.926,6.202],[13.867,-5.019],[14.261,-6.262]],"c":true}]},{"i":{"x":0.667,"y":1},"o":{"x":0.333,"y":0},"t":30,"s":[{"i":[[4.186,0.957],[2.433,-4.487],[-1.76,-5.199],[-0.775,-0.455],[-3.46,2.67],[-0.527,4.956],[0,0]],"o":[[2.183,0.673],[-6.598,12.164],[0.7,2.066],[4.819,-2.266],[4.562,-4.048],[0,0],[0.123,-2.532]],"v":[[4.225,-22.311],[5.136,-13.862],[-11.711,3.772],[-9.08,7.286],[3.47,-0.108],[11.468,-13.586],[11.558,-14.886]],"c":true}]},{"i":{"x":0.667,"y":1},"o":{"x":0.333,"y":0},"t":45,"s":[{"i":[[3.844,1.914],[3.418,-3.789],[-0.489,-5.467],[-0.647,-0.624],[-3.989,1.783],[-1.677,4.693],[0,0]],"o":[[1.964,1.167],[-9.27,10.274],[0.194,2.174],[5.215,-1.07],[5.385,-2.862],[0,0],[0.714,-2.432]],"v":[[8.877,-15.202],[7.777,-6.776],[-12.741,6.406],[-11.009,10.44],[2.926,6.202],[13.867,-5.019],[14.261,-6.262]],"c":true}]},{"t":60.0000024438501,"s":[{"i":[[3.615,2.316],[3.807,-3.399],[0.102,-5.488],[-0.576,-0.69],[-4.158,1.343],[-2.173,4.484],[0,0]],"o":[[1.826,1.372],[-10.323,9.216],[-0.041,2.182],[5.301,-0.502],[5.662,-2.265],[0,0],[0.972,-2.34]],"v":[[9.249,-11.676],[7.249,-3.417],[-14.57,7.479],[-13.282,11.676],[1.028,8.963],[13.114,-1.014],[13.639,-2.209]],"c":true}]}],"ix":2},"nm":"Path 1","mn":"ADBE Vector Shape - Group","hd":false},{"ty":"st","c":{"a":0,"k":[0.219999994016,0.219999994016,0.219999994016,1],"ix":3},"o":{"a":0,"k":100,"ix":4},"w":{"a":0,"k":1,"ix":5},"lc":2,"lj":2,"bm":0,"nm":"Stroke 1","mn":"ADBE Vector Graphic - Stroke","hd":false},{"ty":"fl","c":{"a":0,"k":[0.913999968884,0.913999968884,0.913999968884,1],"ix":4},"o":{"a":0,"k":100,"ix":5},"r":1,"bm":0,"nm":"Fill 1","mn":"ADBE Vector Graphic - Fill","hd":false},{"ty":"tr","p":{"a":0,"k":[149.929,93.277],"ix":2},"a":{"a":0,"k":[0,0],"ix":1},"s":{"a":0,"k":[100,100],"ix":3},"r":{"a":0,"k":0,"ix":6},"o":{"a":0,"k":100,"ix":7},"sk":{"a":0,"k":0,"ix":4},"sa":{"a":0,"k":0,"ix":5},"nm":"Transform"}],"nm":"Group 1","np":3,"cix":2,"bm":0,"ix":1,"mn":"ADBE Vector Group","hd":false},{"ty":"gr","it":[{"ind":0,"ty":"sh","ix":1,"ks":{"a":1,"k":[{"i":{"x":0.667,"y":1},"o":{"x":0.333,"y":0},"t":0,"s":[{"i":[[0,0],[0,0],[-0.354,-0.006],[-31.405,10.136],[-2.173,4.485],[0,0],[3.98,2.162],[15.999,2.581],[10.218,4.078],[1.618,-1.678],[5.822,-4.709],[2.522,1.491],[1.607,2.101],[-0.688,-7.746],[-0.078,-2.375],[0.783,-3.051],[-0.633,-4.038]],"o":[[0,0],[0.317,-0.106],[8.671,0.155],[5.662,-2.266],[0,0],[1.019,-2.455],[-7.962,-4.485],[-7.629,-1.232],[-2.161,-0.861],[0,0],[-6.247,5.054],[-2.275,-1.345],[-2.153,-2.821],[0.055,0.615],[0.104,3.145],[-0.67,2.618],[0.601,3.676]],"v":[[-60.839,15.318],[-60.826,15.35],[-59.818,15.183],[49.796,14.239],[61.882,4.26],[62.407,3.066],[57.48,-6.728],[29.597,-9.87],[-12.775,-23.514],[-19.044,-22.163],[-31.48,-9.174],[-46.359,-7.531],[-54.024,-15.808],[-61.279,-15.206],[-61.021,-10.41],[-62.083,-1.073],[-62.792,9.562]],"c":true}]},{"i":{"x":0.667,"y":1},"o":{"x":0.333,"y":0},"t":15,"s":[{"i":[[0,0],[0,0],[-0.354,0],[-30.131,13.458],[-1.677,4.693],[0,0],[4.191,1.72],[15.999,2.581],[10.218,4.078],[1.618,-1.678],[5.822,-4.709],[2.522,1.491],[1.607,2.101],[-0.688,-7.746],[-0.078,-2.375],[0.783,-3.051],[-0.634,-4.038]],"o":[[0,0],[0.316,-0.113],[8.672,0],[5.384,-2.862],[0,0],[0.75,-2.55],[-8.399,-3.602],[-7.629,-1.232],[-2.161,-0.861],[0,0],[-6.247,5.054],[-2.275,-1.345],[-2.153,-2.821],[0.055,0.615],[0.104,3.145],[-0.67,2.618],[0.601,3.676]],"v":[[-60.18,16.152],[-60.166,16.184],[-59.161,15.999],[51.694,11.478],[62.635,0.257],[63.028,-0.987],[57.075,-10.193],[29.597,-9.87],[-12.775,-23.514],[-19.044,-22.163],[-31.48,-9.174],[-46.359,-7.531],[-54.024,-15.808],[-61.278,-15.206],[-61.021,-10.41],[-62.083,-1.073],[-62.792,9.562]],"c":true}]},{"i":{"x":0.667,"y":1},"o":{"x":0.333,"y":0},"t":30,"s":[{"i":[[0,0],[0,0],[-0.354,0],[-26.125,20.161],[-0.529,4.955],[0,0],[4.478,0.687],[16.186,0.797],[10.218,4.078],[1.618,-1.678],[5.822,-4.709],[2.522,1.491],[1.607,2.101],[-0.688,-7.746],[-0.078,-2.375],[0.783,-3.051],[-0.634,-4.038]],"o":[[0,0],[0.316,-0.113],[8.672,0],[4.562,-4.048],[0,0],[0.13,-2.655],[-9.01,-1.528],[-7.719,-0.38],[-2.161,-0.861],[0,0],[-6.247,5.054],[-2.275,-1.345],[-2.153,-2.821],[0.055,0.615],[0.104,3.145],[-0.67,2.618],[0.601,3.676]],"v":[[-60.18,16.152],[-60.166,16.184],[-59.161,15.999],[52.237,5.168],[60.237,-8.311],[60.325,-9.612],[52.376,-17.161],[26.959,-9.477],[-12.775,-23.514],[-19.044,-22.163],[-31.48,-9.174],[-46.359,-7.531],[-54.024,-15.808],[-61.278,-15.206],[-61.021,-10.41],[-62.083,-1.073],[-62.792,9.562]],"c":true}]},{"i":{"x":0.667,"y":1},"o":{"x":0.333,"y":0},"t":45,"s":[{"i":[[0,0],[0,0],[-0.354,0],[-30.131,13.458],[-1.677,4.693],[0,0],[4.191,1.72],[15.999,2.581],[10.218,4.078],[1.618,-1.678],[5.822,-4.709],[2.522,1.491],[1.607,2.101],[-0.688,-7.746],[-0.078,-2.375],[0.783,-3.051],[-0.634,-4.038]],"o":[[0,0],[0.316,-0.113],[8.672,0],[5.384,-2.862],[0,0],[0.75,-2.55],[-8.399,-3.602],[-7.629,-1.232],[-2.161,-0.861],[0,0],[-6.247,5.054],[-2.275,-1.345],[-2.153,-2.821],[0.055,0.615],[0.104,3.145],[-0.67,2.618],[0.601,3.676]],"v":[[-60.18,16.152],[-60.166,16.184],[-59.161,15.999],[51.694,11.478],[62.635,0.257],[63.028,-0.987],[57.075,-10.193],[29.597,-9.87],[-12.775,-23.514],[-19.044,-22.163],[-31.48,-9.174],[-46.359,-7.531],[-54.024,-15.808],[-61.278,-15.206],[-61.021,-10.41],[-62.083,-1.073],[-62.792,9.562]],"c":true}]},{"t":60.0000024438501,"s":[{"i":[[0,0],[0,0],[-0.354,-0.006],[-31.405,10.136],[-2.173,4.485],[0,0],[3.98,2.162],[15.999,2.581],[10.218,4.078],[1.618,-1.678],[5.822,-4.709],[2.522,1.491],[1.607,2.101],[-0.688,-7.746],[-0.078,-2.375],[0.783,-3.051],[-0.633,-4.038]],"o":[[0,0],[0.317,-0.106],[8.671,0.155],[5.662,-2.266],[0,0],[1.019,-2.455],[-7.962,-4.485],[-7.629,-1.232],[-2.161,-0.861],[0,0],[-6.247,5.054],[-2.275,-1.345],[-2.153,-2.821],[0.055,0.615],[0.104,3.145],[-0.67,2.618],[0.601,3.676]],"v":[[-60.839,15.318],[-60.826,15.35],[-59.818,15.183],[49.796,14.239],[61.882,4.26],[62.407,3.066],[57.48,-6.728],[29.597,-9.87],[-12.775,-23.514],[-19.044,-22.163],[-31.48,-9.174],[-46.359,-7.531],[-54.024,-15.808],[-61.279,-15.206],[-61.021,-10.41],[-62.083,-1.073],[-62.792,9.562]],"c":true}]}],"ix":2},"nm":"Path 1","mn":"ADBE Vector Shape - Group","hd":false},{"ty":"st","c":{"a":0,"k":[0.219999994016,0.219999994016,0.219999994016,1],"ix":3},"o":{"a":0,"k":100,"ix":4},"w":{"a":0,"k":1,"ix":5},"lc":2,"lj":2,"bm":0,"nm":"Stroke 1","mn":"ADBE Vector Graphic - Stroke","hd":false},{"ty":"fl","c":{"a":0,"k":[1,0.128999986836,0.20800000359,1],"ix":4},"o":{"a":0,"k":100,"ix":5},"r":1,"bm":0,"nm":"Fill 1","mn":"ADBE Vector Graphic - Fill","hd":false},{"ty":"tr","p":{"a":0,"k":[101.161,88.002],"ix":2},"a":{"a":0,"k":[0,0],"ix":1},"s":{"a":0,"k":[100,100],"ix":3},"r":{"a":0,"k":0,"ix":6},"o":{"a":0,"k":100,"ix":7},"sk":{"a":0,"k":0,"ix":4},"sa":{"a":0,"k":0,"ix":5},"nm":"Transform"}],"nm":"Group 2","np":3,"cix":2,"bm":0,"ix":2,"mn":"ADBE Vector Group","hd":false}],"ip":0,"op":60.0000024438501,"st":0,"bm":0},{"ddd":0,"ind":4,"ty":4,"nm":"laces Outlines","sr":1,"ks":{"o":{"a":0,"k":100,"ix":11},"r":{"a":0,"k":0,"ix":10},"p":{"a":0,"k":[88,88,0],"ix":2},"a":{"a":0,"k":[88,88,0],"ix":1},"s":{"a":0,"k":[100,100,100],"ix":6}},"ao":0,"shapes":[{"ty":"gr","it":[{"ind":0,"ty":"sh","ix":1,"ks":{"a":0,"k":{"i":[[0,0],[0.665,-3.474],[-0.322,-0.761],[0,0]],"o":[[-1.019,1.321],[-1.087,5.679],[0,0],[0,0]],"v":[[-22.093,-11.84],[-25.401,-4.503],[-25.025,5.176],[26.488,11.84]],"c":true},"ix":2},"nm":"Path 1","mn":"ADBE Vector Shape - Group","hd":false},{"ty":"st","c":{"a":0,"k":[0.219999994016,0.219999994016,0.219999994016,1],"ix":3},"o":{"a":0,"k":100,"ix":4},"w":{"a":0,"k":1,"ix":5},"lc":2,"lj":2,"bm":0,"nm":"Stroke 1","mn":"ADBE Vector Graphic - Stroke","hd":false},{"ty":"fl","c":{"a":0,"k":[0.913999968884,0.913999968884,0.913999968884,1],"ix":4},"o":{"a":0,"k":100,"ix":5},"r":1,"bm":0,"nm":"Fill 1","mn":"ADBE Vector Graphic - Fill","hd":false},{"ty":"tr","p":{"a":0,"k":[106.375,66.588],"ix":2},"a":{"a":0,"k":[0,0],"ix":1},"s":{"a":0,"k":[100,100],"ix":3},"r":{"a":0,"k":0,"ix":6},"o":{"a":0,"k":100,"ix":7},"sk":{"a":0,"k":0,"ix":4},"sa":{"a":0,"k":0,"ix":5},"nm":"Transform"}],"nm":"Group 1","np":3,"cix":2,"bm":0,"ix":1,"mn":"ADBE Vector Group","hd":false},{"ty":"gr","it":[{"ind":0,"ty":"sh","ix":1,"ks":{"a":0,"k":{"i":[[-1.086,5.679],[-1.018,1.321],[0,0],[1.001,-5.23],[0,0],[0,0]],"o":[[0.666,-3.474],[0,0],[0,0],[-1.253,6.547],[0,0],[-0.322,-0.761]],"v":[[1.24,-0.28],[4.548,-7.617],[0.889,-9.4],[-3.295,-1.035],[-2.838,8.823],[1.616,9.4]],"c":true},"ix":2},"nm":"Path 1","mn":"ADBE Vector Shape - Group","hd":false},{"ty":"st","c":{"a":0,"k":[0.219999994016,0.219999994016,0.219999994016,1],"ix":3},"o":{"a":0,"k":100,"ix":4},"w":{"a":0,"k":1,"ix":5},"lc":2,"lj":2,"bm":0,"nm":"Stroke 1","mn":"ADBE Vector Graphic - Stroke","hd":false},{"ty":"fl","c":{"a":0,"k":[1,1,1,1],"ix":4},"o":{"a":0,"k":100,"ix":5},"r":1,"bm":0,"nm":"Fill 1","mn":"ADBE Vector Graphic - Fill","hd":false},{"ty":"tr","p":{"a":0,"k":[79.734,62.364],"ix":2},"a":{"a":0,"k":[0,0],"ix":1},"s":{"a":0,"k":[100,100],"ix":3},"r":{"a":0,"k":0,"ix":6},"o":{"a":0,"k":100,"ix":7},"sk":{"a":0,"k":0,"ix":4},"sa":{"a":0,"k":0,"ix":5},"nm":"Transform"}],"nm":"Group 2","np":3,"cix":2,"bm":0,"ix":2,"mn":"ADBE Vector Group","hd":false}],"ip":0,"op":60.0000024438501,"st":0,"bm":0}]},{"id":"comp_6","layers":[{"ddd":0,"ind":1,"ty":4,"nm":"Shape Layer 2","sr":1,"ks":{"o":{"a":0,"k":100,"ix":11},"r":{"a":0,"k":0,"ix":10},"p":{"a":0,"k":[94.5,163.55,0],"ix":2},"a":{"a":0,"k":[-39,77.5,0],"ix":1},"s":{"a":0,"k":[-100,97.484,100],"ix":6}},"ao":0,"shapes":[{"ty":"gr","it":[{"ind":0,"ty":"sh","ix":1,"ks":{"a":0,"k":{"i":[[0,0],[0,0]],"o":[[0,0],[0,0]],"v":[[-39,77.5],[16.795,77.5]],"c":false},"ix":2},"nm":"Path 1","mn":"ADBE Vector Shape - Group","hd":false},{"ty":"st","c":{"a":0,"k":[0.458823531866,0.458823531866,0.458823531866,1],"ix":3},"o":{"a":0,"k":100,"ix":4},"w":{"a":0,"k":1,"ix":5},"lc":2,"lj":2,"bm":0,"nm":"Stroke 1","mn":"ADBE Vector Graphic - Stroke","hd":false},{"ty":"tr","p":{"a":0,"k":[0,0],"ix":2},"a":{"a":0,"k":[0,0],"ix":1},"s":{"a":0,"k":[100,100],"ix":3},"r":{"a":0,"k":0,"ix":6},"o":{"a":0,"k":100,"ix":7},"sk":{"a":0,"k":0,"ix":4},"sa":{"a":0,"k":0,"ix":5},"nm":"Transform"}],"nm":"Shape 1","np":3,"cix":2,"bm":0,"ix":1,"mn":"ADBE Vector Group","hd":false},{"ty":"tm","s":{"a":1,"k":[{"i":{"x":[0.667],"y":[1]},"o":{"x":[0.333],"y":[0]},"t":0,"s":[0]},{"i":{"x":[0.667],"y":[1]},"o":{"x":[0.333],"y":[0]},"t":6,"s":[0]},{"i":{"x":[0.667],"y":[1]},"o":{"x":[0.333],"y":[0]},"t":23,"s":[0]},{"t":30.0000012219251,"s":[0]}],"ix":1},"e":{"a":1,"k":[{"i":{"x":[0.667],"y":[1]},"o":{"x":[0.333],"y":[0]},"t":0,"s":[0]},{"i":{"x":[0.667],"y":[1]},"o":{"x":[0.333],"y":[0]},"t":6,"s":[100]},{"i":{"x":[0.667],"y":[1]},"o":{"x":[0.333],"y":[0]},"t":23,"s":[100]},{"t":30.0000012219251,"s":[0]}],"ix":2},"o":{"a":0,"k":0,"ix":3},"m":1,"ix":2,"nm":"Trim Paths 1","mn":"ADBE Vector Filter - Trim","hd":false}],"ip":0,"op":30.0000012219251,"st":0,"bm":0},{"ddd":0,"ind":2,"ty":4,"nm":"Shape Layer 1","sr":1,"ks":{"o":{"a":0,"k":100,"ix":11},"r":{"a":0,"k":180,"ix":10},"p":{"a":0,"k":[149.5,163.55,0],"ix":2},"a":{"a":0,"k":[16.5,77.5,0],"ix":1},"s":{"a":0,"k":[-100,97.484,100],"ix":6}},"ao":0,"shapes":[{"ty":"gr","it":[{"ind":0,"ty":"sh","ix":1,"ks":{"a":0,"k":{"i":[[0,0],[0,0]],"o":[[0,0],[0,0]],"v":[[-39,77.5],[16.5,77.5]],"c":false},"ix":2},"nm":"Path 1","mn":"ADBE Vector Shape - Group","hd":false},{"ty":"st","c":{"a":0,"k":[0.458823531866,0.458823531866,0.458823531866,1],"ix":3},"o":{"a":0,"k":100,"ix":4},"w":{"a":0,"k":1,"ix":5},"lc":2,"lj":2,"bm":0,"nm":"Stroke 1","mn":"ADBE Vector Graphic - Stroke","hd":false},{"ty":"tr","p":{"a":0,"k":[0,0],"ix":2},"a":{"a":0,"k":[0,0],"ix":1},"s":{"a":0,"k":[100,100],"ix":3},"r":{"a":0,"k":0,"ix":6},"o":{"a":0,"k":100,"ix":7},"sk":{"a":0,"k":0,"ix":4},"sa":{"a":0,"k":0,"ix":5},"nm":"Transform"}],"nm":"Shape 1","np":3,"cix":2,"bm":0,"ix":1,"mn":"ADBE Vector Group","hd":false},{"ty":"tm","s":{"a":1,"k":[{"i":{"x":[0.667],"y":[1]},"o":{"x":[0.333],"y":[0]},"t":0,"s":[0]},{"i":{"x":[0.667],"y":[1]},"o":{"x":[0.333],"y":[0]},"t":6,"s":[0]},{"i":{"x":[0.667],"y":[1]},"o":{"x":[0.333],"y":[0]},"t":23,"s":[0]},{"t":30.0000012219251,"s":[0]}],"ix":1},"e":{"a":1,"k":[{"i":{"x":[0.667],"y":[1]},"o":{"x":[0.333],"y":[0]},"t":0,"s":[0]},{"i":{"x":[0.667],"y":[1]},"o":{"x":[0.333],"y":[0]},"t":6,"s":[100]},{"i":{"x":[0.667],"y":[1]},"o":{"x":[0.333],"y":[0]},"t":23,"s":[100]},{"t":30.0000012219251,"s":[0]}],"ix":2},"o":{"a":0,"k":0,"ix":3},"m":1,"ix":2,"nm":"Trim Paths 1","mn":"ADBE Vector Filter - Trim","hd":false}],"ip":0,"op":30.0000012219251,"st":0,"bm":0}]},{"id":"comp_7","layers":[{"ddd":0,"ind":1,"ty":0,"nm":"левый","refId":"comp_8","sr":1,"ks":{"o":{"a":0,"k":100,"ix":11},"r":{"a":1,"k":[{"i":{"x":[0.833],"y":[0.833]},"o":{"x":[0.167],"y":[0.167]},"t":0,"s":[-10]},{"i":{"x":[0.833],"y":[0.833]},"o":{"x":[0.167],"y":[0.167]},"t":15,"s":[8]},{"i":{"x":[0.833],"y":[0.833]},"o":{"x":[0.167],"y":[0.167]},"t":30,"s":[28]},{"i":{"x":[0.833],"y":[0.833]},"o":{"x":[0.167],"y":[0.167]},"t":45,"s":[-5]},{"t":60.0000024438501,"s":[-10]}],"ix":10},"p":{"a":1,"k":[{"i":{"x":0.833,"y":0.833},"o":{"x":0.167,"y":0.167},"t":0,"s":[49.625,122,0],"to":[-1.574,-0.688,0],"ti":[3.764,1.284,0]},{"i":{"x":0.833,"y":0.833},"o":{"x":0.167,"y":0.167},"t":7,"s":[40.692,119.319,0],"to":[-0.836,-0.285,0],"ti":[0.833,0.392,0]},{"i":{"x":0.833,"y":0.833},"o":{"x":0.167,"y":0.167},"t":9,"s":[38.178,118.73,0],"to":[-0.421,-0.198,0],"ti":[0.412,0.169,0]},{"i":{"x":0.833,"y":0.833},"o":{"x":0.167,"y":0.167},"t":10,"s":[36.927,117.67,0],"to":[-1.334,-0.547,0],"ti":[1.126,0.546,0]},{"i":{"x":0.833,"y":0.833},"o":{"x":0.167,"y":0.167},"t":13,"s":[33.191,115.271,0],"to":[-0.444,-0.215,0],"ti":[0.392,0.441,0]},{"i":{"x":0.833,"y":0.833},"o":{"x":0.167,"y":0.167},"t":14,"s":[31.934,113.929,0],"to":[-0.431,-0.485,0],"ti":[0.355,0.205,0]},{"i":{"x":0.833,"y":0.833},"o":{"x":0.167,"y":0.167},"t":15,"s":[30.75,112.75,0],"to":[-0.837,-0.483,0],"ti":[0.905,0.647,0]},{"i":{"x":0.833,"y":0.833},"o":{"x":0.167,"y":0.167},"t":16,"s":[28.131,110.784,0],"to":[-2.384,-1.705,0],"ti":[2.564,1.789,0]},{"i":{"x":0.833,"y":0.833},"o":{"x":0.167,"y":0.167},"t":19,"s":[20.605,106.159,0],"to":[-3.478,-2.427,0],"ti":[2.898,2.133,0]},{"i":{"x":0.833,"y":0.833},"o":{"x":0.167,"y":0.167},"t":23,"s":[10.779,99.574,0],"to":[-0.691,-0.509,0],"ti":[0.625,0.644,0]},{"i":{"x":0.833,"y":0.833},"o":{"x":0.167,"y":0.167},"t":24,"s":[8.804,97.769,0],"to":[-0.68,-0.701,0],"ti":[0.594,0.482,0]},{"i":{"x":0.833,"y":0.833},"o":{"x":0.167,"y":0.167},"t":25,"s":[6.89,96.146,0],"to":[-3.358,-2.722,0],"ti":[-0.149,5.099,0]},{"i":{"x":0.833,"y":0.833},"o":{"x":0.167,"y":0.167},"t":30,"s":[1.75,85.25,0],"to":[0.355,-12.193,0],"ti":[-11.914,-0.875,0]},{"i":{"x":0.833,"y":0.833},"o":{"x":0.167,"y":0.167},"t":45,"s":[21.875,70.375,0],"to":[16.84,1.237,0],"ti":[-4.625,-8.396,0]},{"t":60.0000024438501,"s":[49.625,120.75,0]}],"ix":2},"a":{"a":0,"k":[39.5,121.25,0],"ix":1},"s":{"a":0,"k":[100,100,100],"ix":6}},"ao":0,"w":176,"h":176,"ip":0,"op":60.0000024438501,"st":0,"bm":0},{"ddd":0,"ind":2,"ty":0,"nm":"hit line 2","refId":"comp_6","sr":1,"ks":{"o":{"a":0,"k":100,"ix":11},"r":{"a":0,"k":0,"ix":10},"p":{"a":1,"k":[{"i":{"x":0.833,"y":0.833},"o":{"x":0.167,"y":0.167},"t":0,"s":[54,44,0],"to":[0,0,0],"ti":[0,0,0]},{"t":30.0000012219251,"s":[104,44,0]}],"ix":2},"a":{"a":0,"k":[88,88,0],"ix":1},"s":{"a":0,"k":[100,100,100],"ix":6}},"ao":0,"w":176,"h":176,"ip":0,"op":30.0000012219251,"st":0,"bm":0}]},{"id":"comp_8","layers":[{"ddd":0,"ind":1,"ty":4,"nm":"podoshva_01 Outlines","sr":1,"ks":{"o":{"a":0,"k":100,"ix":11},"r":{"a":0,"k":0,"ix":10},"p":{"a":0,"k":[88,88,0],"ix":2},"a":{"a":0,"k":[88,88,0],"ix":1},"s":{"a":0,"k":[100,100,100],"ix":6}},"ao":0,"shapes":[{"ty":"gr","it":[{"ind":0,"ty":"sh","ix":1,"ks":{"a":1,"k":[{"i":{"x":0.667,"y":1},"o":{"x":0.333,"y":0},"t":0,"s":[{"i":[[6.153,-2.463],[-0.115,0.038],[88.475,6.438],[0.05,-0.028],[0.066,-3.428],[-2.743,-0.57],[-1.361,0.012],[-8.585,22.177]],"o":[[0.116,-0.037],[0,0],[-0.06,0.027],[-2.802,-0.05],[-0.05,2.606],[3.645,0.758],[68.921,-0.595],[-1.962,5.115]],"v":[[51.179,-3.228],[51.531,-3.337],[-58.361,3.729],[-58.543,3.809],[-63.728,8.926],[-56.798,12.775],[-45.902,14.348],[63.789,-14.4]],"c":true}]},{"i":{"x":0.667,"y":1},"o":{"x":0.333,"y":0},"t":10,"s":[{"i":[[6.153,-2.463],[-0.115,0.038],[88.475,6.438],[0.05,-0.028],[0.061,-3.428],[-2.802,0],[-2.189,0.036],[-8.222,21.241]],"o":[[0.116,-0.037],[0,0],[-0.06,0.027],[-2.802,-0.05],[-0.061,3.43],[4.959,0],[63.061,-1.023],[-1.962,5.115]],"v":[[51.179,-3.228],[51.531,-3.337],[-58.361,3.729],[-58.543,3.809],[-63.728,8.926],[-58.423,14.4],[-37.367,14.243],[63.789,-14.4]],"c":true}]},{"i":{"x":0.667,"y":1},"o":{"x":0.333,"y":0},"t":15,"s":[{"i":[[5.853,-3.111],[-0.11,0.05],[88.575,4.859],[0.049,-0.029],[0,-3.429],[-2.803,0],[-2.181,0.111],[-5.888,22.001]],"o":[[0.111,-0.05],[0,0],[-0.059,0.028],[-2.803,0],[0,3.43],[4.89,-0.136],[62.807,-3.192],[-1.4,5.296]],"v":[[53.077,-5.988],[53.415,-6.135],[-57.596,4.542],[-57.777,4.625],[-62.852,10.835],[-57.777,17.045],[-36.911,16.239],[64.412,-18.452]],"c":true}]},{"i":{"x":0.667,"y":1},"o":{"x":0.333,"y":0},"t":30,"s":[{"i":[[4.957,-4.399],[-0.096,0.076],[88.575,4.858],[0.049,-0.029],[0,-3.43],[-2.803,0],[-2.196,0.153],[-0.553,22.769]],"o":[[0.097,-0.074],[0,0],[-0.059,0.027],[-2.803,0],[0,3.429],[4.89,-0.136],[63.258,-4.412],[-0.116,5.477]],"v":[[53.62,-12.299],[53.914,-12.522],[-57.597,4.542],[-57.778,4.625],[-62.853,10.835],[-57.778,17.045],[-36.835,16.04],[61.708,-27.077]],"c":true}]},{"i":{"x":0.667,"y":1},"o":{"x":0.333,"y":0},"t":45,"s":[{"i":[[5.853,-3.111],[-0.11,0.05],[88.575,4.859],[0.049,-0.029],[0,-3.429],[-2.803,0],[-2.181,0.111],[-5.888,22.001]],"o":[[0.111,-0.05],[0,0],[-0.059,0.028],[-2.803,0],[0,3.43],[4.89,-0.136],[62.807,-3.192],[-1.4,5.296]],"v":[[53.077,-5.988],[53.415,-6.135],[-57.596,4.542],[-57.777,4.625],[-62.852,10.835],[-57.777,17.045],[-36.911,16.239],[64.412,-18.452]],"c":true}]},{"i":{"x":0.667,"y":1},"o":{"x":0.333,"y":0},"t":58,"s":[{"i":[[5.853,-3.111],[-0.11,0.05],[88.575,4.859],[0.049,-0.029],[0,-3.429],[-2.803,0],[-2.181,0.111],[-5.888,22.001]],"o":[[0.111,-0.05],[0,0],[-0.059,0.028],[-2.803,0],[0,3.43],[4.89,-0.136],[62.807,-3.192],[-1.4,5.296]],"v":[[53.077,-5.988],[53.415,-6.135],[-57.596,4.542],[-57.777,4.625],[-62.852,10.835],[-57.777,17.045],[-36.911,16.239],[64.412,-18.452]],"c":true}]},{"t":60.0000024438501,"s":[{"i":[[6.153,-2.463],[-0.115,0.038],[88.475,6.438],[0.05,-0.028],[0.066,-3.428],[-2.743,-0.57],[-1.361,0.012],[-8.585,22.177]],"o":[[0.116,-0.037],[0,0],[-0.06,0.027],[-2.802,-0.05],[-0.05,2.606],[3.645,0.758],[68.921,-0.595],[-1.962,5.115]],"v":[[51.179,-3.228],[51.531,-3.337],[-58.361,3.729],[-58.543,3.809],[-63.728,8.926],[-56.798,12.775],[-45.902,14.348],[63.789,-14.4]],"c":true}]}],"ix":2},"nm":"Path 1","mn":"ADBE Vector Shape - Group","hd":false},{"ty":"st","c":{"a":0,"k":[0.219999994016,0.219999994016,0.219999994016,1],"ix":3},"o":{"a":0,"k":100,"ix":4},"w":{"a":0,"k":1,"ix":5},"lc":2,"lj":2,"bm":0,"nm":"Stroke 1","mn":"ADBE Vector Graphic - Stroke","hd":false},{"ty":"fl","c":{"a":0,"k":[0.75686275959,0.75686275959,0.75686275959,1],"ix":4},"o":{"a":0,"k":100,"ix":5},"r":1,"bm":0,"nm":"Fill 1","mn":"ADBE Vector Graphic - Fill","hd":false},{"ty":"tr","p":{"a":0,"k":[99.778,105.468],"ix":2},"a":{"a":0,"k":[0,0],"ix":1},"s":{"a":0,"k":[100,100],"ix":3},"r":{"a":0,"k":0,"ix":6},"o":{"a":0,"k":100,"ix":7},"sk":{"a":0,"k":0,"ix":4},"sa":{"a":0,"k":0,"ix":5},"nm":"Transform"}],"nm":"Group 1","np":3,"cix":2,"bm":0,"ix":1,"mn":"ADBE Vector Group","hd":false},{"ty":"gr","it":[{"ind":0,"ty":"sh","ix":1,"ks":{"a":1,"k":[{"i":{"x":0.667,"y":1},"o":{"x":0.333,"y":0},"t":0,"s":[{"i":[[8.703,0.155],[0.03,-1.656],[-1.657,-0.029],[0,0]],"o":[[-1.657,-0.029],[-0.03,1.657],[88.626,6.472],[-31.228,10.372]],"v":[[-53.441,-5.709],[-56.494,-2.762],[-53.548,0.29],[56.524,-6.762]],"c":true}]},{"i":{"x":0.667,"y":1},"o":{"x":0.333,"y":0},"t":10,"s":[{"i":[[8.703,0.155],[0.03,-1.656],[-1.657,-0.029],[0,0]],"o":[[-1.657,-0.029],[-0.03,1.657],[88.626,6.472],[-31.228,10.372]],"v":[[-53.441,-5.709],[-56.494,-2.762],[-53.548,0.29],[56.524,-6.762]],"c":true}]},{"i":{"x":0.667,"y":1},"o":{"x":0.333,"y":0},"t":15,"s":[{"i":[[8.705,0],[0,-1.657],[-1.657,0],[0,0]],"o":[[-1.657,0],[0,1.657],[88.728,4.891],[-29.929,13.675]],"v":[[-52.784,-4.893],[-55.784,-1.893],[-52.784,1.107],[58.408,-9.561]],"c":true}]},{"i":{"x":0.667,"y":1},"o":{"x":0.333,"y":0},"t":30,"s":[{"i":[[8.705,0],[0,-1.657],[-1.657,0],[0,0]],"o":[[-1.657,0],[0,1.657],[88.728,4.891],[-25.879,20.325]],"v":[[-52.784,-4.893],[-55.784,-1.893],[-52.784,1.107],[58.908,-15.947]],"c":true}]},{"i":{"x":0.667,"y":1},"o":{"x":0.333,"y":0},"t":45,"s":[{"i":[[8.705,0],[0,-1.657],[-1.657,0],[0,0]],"o":[[-1.657,0],[0,1.657],[88.728,4.891],[-29.929,13.675]],"v":[[-52.784,-4.893],[-55.784,-1.893],[-52.784,1.107],[58.408,-9.561]],"c":true}]},{"i":{"x":0.667,"y":1},"o":{"x":0.333,"y":0},"t":58,"s":[{"i":[[8.705,0],[0,-1.657],[-1.657,0],[0,0]],"o":[[-1.657,0],[0,1.657],[88.728,4.891],[-29.929,13.675]],"v":[[-52.784,-4.893],[-55.784,-1.893],[-52.784,1.107],[58.408,-9.561]],"c":true}]},{"t":60.0000024438501,"s":[{"i":[[8.703,0.155],[0.03,-1.656],[-1.657,-0.029],[0,0]],"o":[[-1.657,-0.029],[-0.03,1.657],[88.626,6.472],[-31.228,10.372]],"v":[[-53.441,-5.709],[-56.494,-2.762],[-53.548,0.29],[56.524,-6.762]],"c":true}]}],"ix":2},"nm":"Path 1","mn":"ADBE Vector Shape - Group","hd":false},{"ty":"st","c":{"a":0,"k":[0.219999994016,0.219999994016,0.219999994016,1],"ix":3},"o":{"a":0,"k":100,"ix":4},"w":{"a":0,"k":1,"ix":5},"lc":2,"lj":2,"bm":0,"nm":"Stroke 1","mn":"ADBE Vector Graphic - Stroke","hd":false},{"ty":"fl","c":{"a":0,"k":[0.913725495338,0.913725495338,0.913725495338,1],"ix":4},"o":{"a":0,"k":100,"ix":5},"r":1,"bm":0,"nm":"Fill 1","mn":"ADBE Vector Graphic - Fill","hd":false},{"ty":"tr","p":{"a":0,"k":[94.784,108.893],"ix":2},"a":{"a":0,"k":[0,0],"ix":1},"s":{"a":0,"k":[100,100],"ix":3},"r":{"a":0,"k":0,"ix":6},"o":{"a":0,"k":100,"ix":7},"sk":{"a":0,"k":0,"ix":4},"sa":{"a":0,"k":0,"ix":5},"nm":"Transform"}],"nm":"Group 2","np":3,"cix":2,"bm":0,"ix":2,"mn":"ADBE Vector Group","hd":false}],"ip":0,"op":60.0000024438501,"st":0,"bm":0},{"ddd":0,"ind":2,"ty":4,"nm":"decor Outlines","sr":1,"ks":{"o":{"a":0,"k":100,"ix":11},"r":{"a":0,"k":0,"ix":10},"p":{"a":0,"k":[88,88,0],"ix":2},"a":{"a":0,"k":[88,88,0],"ix":1},"s":{"a":0,"k":[100,100,100],"ix":6}},"ao":0,"shapes":[{"ty":"gr","it":[{"ind":0,"ty":"sh","ix":1,"ks":{"a":0,"k":{"i":[[10.75,-0.5],[0,0],[0,0],[3.5,0.75]],"o":[[-10.75,0.5],[0,0],[0,0],[-3.5,-0.75]],"v":[[87.5,95.75],[71.5,105.5],[66.5,108.75],[120.125,106.5]],"c":true},"ix":2},"nm":"Path 1","mn":"ADBE Vector Shape - Group","hd":false},{"ty":"st","c":{"a":0,"k":[0.458824008119,0.458824008119,0.458824008119,1],"ix":3},"o":{"a":0,"k":100,"ix":4},"w":{"a":0,"k":0,"ix":5},"lc":1,"lj":1,"ml":4,"bm":0,"nm":"Stroke 1","mn":"ADBE Vector Graphic - Stroke","hd":false},{"ty":"fl","c":{"a":0,"k":[0.673547387123,0.144329860806,0.167816355824,1],"ix":4},"o":{"a":0,"k":100,"ix":5},"r":1,"bm":0,"nm":"Fill 1","mn":"ADBE Vector Graphic - Fill","hd":false},{"ty":"tr","p":{"a":0,"k":[0,0],"ix":2},"a":{"a":0,"k":[0,0],"ix":1},"s":{"a":0,"k":[100,100],"ix":3},"r":{"a":0,"k":0,"ix":6},"o":{"a":0,"k":100,"ix":7},"sk":{"a":0,"k":0,"ix":4},"sa":{"a":0,"k":0,"ix":5},"nm":"Transform"}],"nm":"Shape 1","np":3,"cix":2,"bm":0,"ix":1,"mn":"ADBE Vector Group","hd":false},{"ty":"gr","it":[{"ind":0,"ty":"sh","ix":1,"ks":{"a":0,"k":{"i":[[0.397,0],[0.121,0.048],[-0.203,0.513],[0,0],[-0.512,-0.202],[0.203,-0.513],[0,0]],"o":[[-0.123,0],[-0.513,-0.204],[0,0],[0.206,-0.514],[0.513,0.204],[0,0],[-0.157,0.393]],"v":[[-0.935,3.421],[-1.304,3.35],[-1.865,2.052],[0.005,-2.658],[1.303,-3.219],[1.865,-1.921],[-0.005,2.789]],"c":true},"ix":2},"nm":"Path 1","mn":"ADBE Vector Shape - Group","hd":false},{"ty":"fl","c":{"a":0,"k":[0.219999994016,0.219999994016,0.219999994016,1],"ix":4},"o":{"a":0,"k":100,"ix":5},"r":1,"bm":0,"nm":"Fill 1","mn":"ADBE Vector Graphic - Fill","hd":false},{"ty":"tr","p":{"a":0,"k":[124.522,77.108],"ix":2},"a":{"a":0,"k":[0,0],"ix":1},"s":{"a":0,"k":[100,100],"ix":3},"r":{"a":0,"k":0,"ix":6},"o":{"a":0,"k":100,"ix":7},"sk":{"a":0,"k":0,"ix":4},"sa":{"a":0,"k":0,"ix":5},"nm":"Transform"}],"nm":"Group 1","np":2,"cix":2,"bm":0,"ix":2,"mn":"ADBE Vector Group","hd":false},{"ty":"gr","it":[{"ind":0,"ty":"sh","ix":1,"ks":{"a":0,"k":{"i":[[0.398,0],[0.121,0.047],[-0.202,0.514],[0,0],[-0.516,-0.202],[0.202,-0.513],[0,0]],"o":[[-0.122,0],[-0.514,-0.203],[0,0],[0.203,-0.513],[0.514,0.203],[0,0],[-0.156,0.393]],"v":[[-1.374,4.549],[-1.742,4.48],[-2.306,3.182],[0.443,-3.785],[1.742,-4.348],[2.305,-3.051],[-0.443,3.917]],"c":true},"ix":2},"nm":"Path 1","mn":"ADBE Vector Shape - Group","hd":false},{"ty":"fl","c":{"a":0,"k":[0.219999994016,0.219999994016,0.219999994016,1],"ix":4},"o":{"a":0,"k":100,"ix":5},"r":1,"bm":0,"nm":"Fill 1","mn":"ADBE Vector Graphic - Fill","hd":false},{"ty":"tr","p":{"a":0,"k":[114.773,73.697],"ix":2},"a":{"a":0,"k":[0,0],"ix":1},"s":{"a":0,"k":[100,100],"ix":3},"r":{"a":0,"k":0,"ix":6},"o":{"a":0,"k":100,"ix":7},"sk":{"a":0,"k":0,"ix":4},"sa":{"a":0,"k":0,"ix":5},"nm":"Transform"}],"nm":"Group 2","np":2,"cix":2,"bm":0,"ix":3,"mn":"ADBE Vector Group","hd":false},{"ty":"gr","it":[{"ind":0,"ty":"sh","ix":1,"ks":{"a":0,"k":{"i":[[0.401,0],[0.118,0.046],[-0.198,0.516],[0,0],[-0.516,-0.199],[0.198,-0.516],[0,0]],"o":[[-0.119,0],[-0.516,-0.198],[0,0],[0.197,-0.515],[0.515,0.198],[0,0],[-0.153,0.397]],"v":[[-1.803,5.766],[-2.161,5.699],[-2.738,4.407],[0.87,-4.992],[2.163,-5.566],[2.738,-4.274],[-0.87,5.124]],"c":true},"ix":2},"nm":"Path 1","mn":"ADBE Vector Shape - Group","hd":false},{"ty":"fl","c":{"a":0,"k":[0.219999994016,0.219999994016,0.219999994016,1],"ix":4},"o":{"a":0,"k":100,"ix":5},"r":1,"bm":0,"nm":"Fill 1","mn":"ADBE Vector Graphic - Fill","hd":false},{"ty":"tr","p":{"a":0,"k":[104.476,70.103],"ix":2},"a":{"a":0,"k":[0,0],"ix":1},"s":{"a":0,"k":[100,100],"ix":3},"r":{"a":0,"k":0,"ix":6},"o":{"a":0,"k":100,"ix":7},"sk":{"a":0,"k":0,"ix":4},"sa":{"a":0,"k":0,"ix":5},"nm":"Transform"}],"nm":"Group 3","np":2,"cix":2,"bm":0,"ix":4,"mn":"ADBE Vector Group","hd":false},{"ty":"gr","it":[{"ind":0,"ty":"sh","ix":1,"ks":{"a":0,"k":{"i":[[0.388,0],[0.129,0.055],[-0.217,0.508],[0,0],[-0.508,-0.215],[0.217,-0.508],[0,0]],"o":[[-0.132,0],[-0.507,-0.217],[0,0],[0.218,-0.509],[0.508,0.218],[0,0],[-0.163,0.379]],"v":[[-2.492,6.897],[-2.886,6.816],[-3.412,5.503],[1.572,-6.155],[2.886,-6.682],[3.412,-5.369],[-1.572,6.29]],"c":true},"ix":2},"nm":"Path 1","mn":"ADBE Vector Shape - Group","hd":false},{"ty":"fl","c":{"a":0,"k":[0.219999994016,0.219999994016,0.219999994016,1],"ix":4},"o":{"a":0,"k":100,"ix":5},"r":1,"bm":0,"nm":"Fill 1","mn":"ADBE Vector Graphic - Fill","hd":false},{"ty":"tr","p":{"a":0,"k":[93.842,66.384],"ix":2},"a":{"a":0,"k":[0,0],"ix":1},"s":{"a":0,"k":[100,100],"ix":3},"r":{"a":0,"k":0,"ix":6},"o":{"a":0,"k":100,"ix":7},"sk":{"a":0,"k":0,"ix":4},"sa":{"a":0,"k":0,"ix":5},"nm":"Transform"}],"nm":"Group 4","np":2,"cix":2,"bm":0,"ix":5,"mn":"ADBE Vector Group","hd":false},{"ty":"gr","it":[{"ind":0,"ty":"sh","ix":1,"ks":{"a":0,"k":{"i":[[0,0],[0,0],[1.191,0.153],[0,0],[-0.765,0.745],[0,0],[-0.817,-0.268]],"o":[[0,0],[-0.798,0.871],[0,0],[-1.076,-0.141],[0,0],[0.614,-0.601],[0,0]],"v":[[27.258,4.457],[23.89,8.33],[20.723,9.471],[-25.717,3.406],[-26.493,1.198],[-16.28,-8.813],[-13.949,-9.356]],"c":true},"ix":2},"nm":"Path 1","mn":"ADBE Vector Shape - Group","hd":false},{"ty":"st","c":{"a":0,"k":[0.219999994016,0.219999994016,0.219999994016,1],"ix":3},"o":{"a":0,"k":100,"ix":4},"w":{"a":0,"k":1,"ix":5},"lc":2,"lj":2,"bm":0,"nm":"Stroke 1","mn":"ADBE Vector Graphic - Stroke","hd":false},{"ty":"tr","p":{"a":0,"k":[105.605,73.971],"ix":2},"a":{"a":0,"k":[0,0],"ix":1},"s":{"a":0,"k":[100,100],"ix":3},"r":{"a":0,"k":0,"ix":6},"o":{"a":0,"k":100,"ix":7},"sk":{"a":0,"k":0,"ix":4},"sa":{"a":0,"k":0,"ix":5},"nm":"Transform"}],"nm":"Group 5","np":2,"cix":2,"bm":0,"ix":6,"mn":"ADBE Vector Group","hd":false},{"ty":"gr","it":[{"ind":0,"ty":"sh","ix":1,"ks":{"a":0,"k":{"i":[[0,0],[1.192,0.154],[0,0],[-0.764,0.744],[0,0]],"o":[[-0.796,0.871],[0,0],[-1.077,-0.141],[0,0],[0,0]],"v":[[25.574,4.275],[22.406,5.416],[-24.031,-0.65],[-24.81,-2.857],[-21.745,-5.57]],"c":true},"ix":2},"nm":"Path 1","mn":"ADBE Vector Shape - Group","hd":false},{"ty":"fl","c":{"a":0,"k":[0.75686275959,0.75686275959,0.75686275959,1],"ix":4},"o":{"a":0,"k":100,"ix":5},"r":1,"bm":0,"nm":"Fill 1","mn":"ADBE Vector Graphic - Fill","hd":false},{"ty":"tr","p":{"a":0,"k":[103.92,78.026],"ix":2},"a":{"a":0,"k":[0,0],"ix":1},"s":{"a":0,"k":[100,100],"ix":3},"r":{"a":0,"k":0,"ix":6},"o":{"a":0,"k":100,"ix":7},"sk":{"a":0,"k":0,"ix":4},"sa":{"a":0,"k":0,"ix":5},"nm":"Transform"}],"nm":"Group 6","np":2,"cix":2,"bm":0,"ix":7,"mn":"ADBE Vector Group","hd":false},{"ty":"gr","it":[{"ind":0,"ty":"sh","ix":1,"ks":{"a":0,"k":{"i":[[0,0],[0,0],[1.191,0.153],[0,0],[-0.765,0.745],[0,0],[-0.817,-0.268]],"o":[[0,0],[-0.798,0.871],[0,0],[-1.076,-0.141],[0,0],[0.614,-0.601],[0,0]],"v":[[27.258,4.457],[23.89,8.33],[20.723,9.471],[-25.717,3.406],[-26.493,1.198],[-16.28,-8.813],[-13.949,-9.356]],"c":true},"ix":2},"nm":"Path 1","mn":"ADBE Vector Shape - Group","hd":false},{"ty":"fl","c":{"a":0,"k":[0.913725495338,0.913725495338,0.913725495338,1],"ix":4},"o":{"a":0,"k":100,"ix":5},"r":1,"bm":0,"nm":"Fill 1","mn":"ADBE Vector Graphic - Fill","hd":false},{"ty":"tr","p":{"a":0,"k":[105.605,73.971],"ix":2},"a":{"a":0,"k":[0,0],"ix":1},"s":{"a":0,"k":[100,100],"ix":3},"r":{"a":0,"k":0,"ix":6},"o":{"a":0,"k":100,"ix":7},"sk":{"a":0,"k":0,"ix":4},"sa":{"a":0,"k":0,"ix":5},"nm":"Transform"}],"nm":"Group 7","np":2,"cix":2,"bm":0,"ix":8,"mn":"ADBE Vector Group","hd":false},{"ty":"gr","it":[{"ind":0,"ty":"sh","ix":1,"ks":{"a":0,"k":{"i":[[10.689,0.802],[0.175,-0.684],[-0.633,-4.038],[0,0],[0,0],[-0.354,0],[-8.596,-0.636]],"o":[[-0.134,0.692],[-0.67,2.617],[0.602,3.675],[0,0],[0.316,-0.114],[2.194,0],[-0.361,-10.805]],"v":[[-8.852,-10.172],[-9.311,-8.106],[-10.02,2.528],[-7.408,9.118],[-7.393,9.15],[-6.389,8.964],[10.652,10.172]],"c":true},"ix":2},"nm":"Path 1","mn":"ADBE Vector Shape - Group","hd":false},{"ty":"st","c":{"a":0,"k":[0.219999994016,0.219999994016,0.219999994016,1],"ix":3},"o":{"a":0,"k":100,"ix":4},"w":{"a":0,"k":1,"ix":5},"lc":2,"lj":2,"bm":0,"nm":"Stroke 1","mn":"ADBE Vector Graphic - Stroke","hd":false},{"ty":"tr","p":{"a":0,"k":[48.388,95.036],"ix":2},"a":{"a":0,"k":[0,0],"ix":1},"s":{"a":0,"k":[100,100],"ix":3},"r":{"a":0,"k":0,"ix":6},"o":{"a":0,"k":100,"ix":7},"sk":{"a":0,"k":0,"ix":4},"sa":{"a":0,"k":0,"ix":5},"nm":"Transform"}],"nm":"Group 8","np":2,"cix":2,"bm":0,"ix":9,"mn":"ADBE Vector Group","hd":false},{"ty":"gr","it":[{"ind":0,"ty":"sh","ix":1,"ks":{"a":0,"k":{"i":[[0.175,-0.684],[-0.634,-4.038],[0,0],[0,0],[-0.354,0],[-0.169,-0.005],[-0.06,-0.002],[-0.133,-0.006],[-0.054,-0.001],[-0.453,-0.028],[-0.055,-0.003],[-0.232,-0.016],[-0.014,-0.001],[-1.09,-0.084],[0,0],[-0.191,5.156],[-2.873,1.596],[2.761,0.208]],"o":[[-0.67,2.617],[0.601,3.676],[0,0],[0.316,-0.113],[0.138,0],[0.057,0.001],[0.119,0.004],[0.053,0.002],[0.364,0.017],[0.053,0.004],[0.214,0.013],[0.014,0.002],[0.857,0.057],[0,0],[0,0],[0.115,-3.123],[-2.362,-1.165],[-0.134,0.692]],"v":[[-3.891,-7.688],[-4.599,2.946],[-1.988,9.536],[-1.974,9.568],[-0.969,9.382],[-0.508,9.389],[-0.322,9.395],[0.047,9.409],[0.215,9.416],[1.433,9.483],[1.601,9.494],[2.263,9.537],[2.308,9.541],[5.233,9.754],[5.224,9.668],[0.271,-0.169],[4.297,-7.637],[-3.433,-9.754]],"c":true},"ix":2},"nm":"Path 1","mn":"ADBE Vector Shape - Group","hd":false},{"ty":"fl","c":{"a":0,"k":[0.913725495338,0.913725495338,0.913725495338,1],"ix":4},"o":{"a":0,"k":100,"ix":5},"r":1,"bm":0,"nm":"Fill 1","mn":"ADBE Vector Graphic - Fill","hd":false},{"ty":"tr","p":{"a":0,"k":[42.969,94.618],"ix":2},"a":{"a":0,"k":[0,0],"ix":1},"s":{"a":0,"k":[100,100],"ix":3},"r":{"a":0,"k":0,"ix":6},"o":{"a":0,"k":100,"ix":7},"sk":{"a":0,"k":0,"ix":4},"sa":{"a":0,"k":0,"ix":5},"nm":"Transform"}],"nm":"Group 9","np":2,"cix":2,"bm":0,"ix":10,"mn":"ADBE Vector Group","hd":false},{"ty":"gr","it":[{"ind":0,"ty":"sh","ix":1,"ks":{"a":0,"k":{"i":[[-0.739,-9.448],[0,0],[0,0],[-4.26,-0.316],[6.782,3.344]],"o":[[0.565,7.226],[0,0],[2.9,0.222],[-0.269,-8.015],[-2.873,1.596]],"v":[[-9.493,-1.459],[-2.852,8.192],[-2.844,8.278],[7.996,9.114],[-3.78,-9.113]],"c":true},"ix":2},"nm":"Path 1","mn":"ADBE Vector Shape - Group","hd":false},{"ty":"fl","c":{"a":0,"k":[0.75670838356,0.756179511547,0.756179511547,1],"ix":4},"o":{"a":0,"k":100,"ix":5},"r":1,"bm":0,"nm":"Fill 1","mn":"ADBE Vector Graphic - Fill","hd":false},{"ty":"tr","p":{"a":0,"k":[51.045,96.095],"ix":2},"a":{"a":0,"k":[0,0],"ix":1},"s":{"a":0,"k":[100,100],"ix":3},"r":{"a":0,"k":0,"ix":6},"o":{"a":0,"k":100,"ix":7},"sk":{"a":0,"k":0,"ix":4},"sa":{"a":0,"k":0,"ix":5},"nm":"Transform"}],"nm":"Group 10","np":2,"cix":2,"bm":0,"ix":11,"mn":"ADBE Vector Group","hd":false},{"ty":"gr","it":[{"ind":0,"ty":"sh","ix":1,"ks":{"a":0,"k":{"i":[[0,0],[0.336,0.134],[1.617,-1.678],[5.823,-4.709],[2.521,1.491],[1.606,2.101],[-0.688,-7.746],[-0.078,-2.376],[0.783,-3.051],[-0.634,-4.038],[0,0]],"o":[[-0.366,-0.143],[-2.161,-0.861],[0,0],[-6.247,5.054],[-2.276,-1.345],[-2.153,-2.821],[0.055,0.615],[0.103,3.145],[-0.67,2.618],[0.601,3.676],[0,0]],"v":[[25.854,-18.985],[24.798,-19.402],[18.529,-18.051],[6.092,-5.062],[-8.786,-3.419],[-16.452,-11.696],[-23.706,-11.095],[-23.449,-6.297],[-24.512,3.039],[-25.219,13.673],[-22.607,20.263]],"c":false},"ix":2},"nm":"Path 1","mn":"ADBE Vector Shape - Group","hd":false},{"ty":"st","c":{"a":0,"k":[0.219999994016,0.219999994016,0.219999994016,1],"ix":3},"o":{"a":0,"k":100,"ix":4},"w":{"a":0,"k":1,"ix":5},"lc":2,"lj":2,"bm":0,"nm":"Stroke 1","mn":"ADBE Vector Graphic - Stroke","hd":false},{"ty":"tr","p":{"a":0,"k":[63.589,83.89],"ix":2},"a":{"a":0,"k":[0,0],"ix":1},"s":{"a":0,"k":[100,100],"ix":3},"r":{"a":0,"k":0,"ix":6},"o":{"a":0,"k":100,"ix":7},"sk":{"a":0,"k":0,"ix":4},"sa":{"a":0,"k":0,"ix":5},"nm":"Transform"}],"nm":"Group 12","np":2,"cix":2,"bm":0,"ix":12,"mn":"ADBE Vector Group","hd":false},{"ty":"gr","it":[{"ind":0,"ty":"sh","ix":1,"ks":{"a":0,"k":{"i":[[0.336,0.134],[1.618,-1.678],[5.823,-4.709],[2.522,1.491],[1.606,2.101],[-0.688,-7.746],[-0.078,-2.375],[0.466,-2.395],[-2.362,-1.165],[-5.252,-0.65],[-4.128,4],[0,0],[0,0]],"o":[[-2.161,-0.861],[0,0],[-6.247,5.054],[-2.275,-1.345],[-2.153,-2.821],[0.054,0.615],[0.08,2.44],[2.762,0.208],[2.329,-1.295],[9.837,1.218],[4.127,-4],[0,0],[-0.366,-0.143]],"v":[[24.068,-10.833],[17.799,-9.482],[5.362,3.507],[-9.516,5.15],[-17.182,-3.127],[-24.436,-2.526],[-24.178,2.271],[-24.783,9.542],[-17.053,11.66],[-5.939,10.476],[14.793,-0.152],[25.007,-10.163],[25.124,-10.416]],"c":true},"ix":2},"nm":"Path 1","mn":"ADBE Vector Shape - Group","hd":false},{"ty":"fl","c":{"a":0,"k":[0.914147734642,0.235307604074,0.265434294939,1],"ix":4},"o":{"a":0,"k":100,"ix":5},"r":1,"bm":0,"nm":"Fill 1","mn":"ADBE Vector Graphic - Fill","hd":false},{"ty":"tr","p":{"a":0,"k":[64.319,75.321],"ix":2},"a":{"a":0,"k":[0,0],"ix":1},"s":{"a":0,"k":[100,100],"ix":3},"r":{"a":0,"k":0,"ix":6},"o":{"a":0,"k":100,"ix":7},"sk":{"a":0,"k":0,"ix":4},"sa":{"a":0,"k":0,"ix":5},"nm":"Transform"}],"nm":"Group 13","np":2,"cix":2,"bm":0,"ix":13,"mn":"ADBE Vector Group","hd":false}],"ip":0,"op":60.0000024438501,"st":0,"bm":0},{"ddd":0,"ind":3,"ty":4,"nm":"shoe_bg_toe_01 Outlines","sr":1,"ks":{"o":{"a":0,"k":100,"ix":11},"r":{"a":0,"k":0,"ix":10},"p":{"a":0,"k":[88,88,0],"ix":2},"a":{"a":0,"k":[88,88,0],"ix":1},"s":{"a":0,"k":[100,100,100],"ix":6}},"ao":0,"shapes":[{"ty":"gr","it":[{"ind":0,"ty":"sh","ix":1,"ks":{"a":1,"k":[{"i":{"x":0.667,"y":1},"o":{"x":0.333,"y":0},"t":0,"s":[{"i":[[3.615,2.316],[3.807,-3.399],[0.102,-5.488],[-0.576,-0.69],[-4.158,1.343],[-2.173,4.484],[0,0]],"o":[[1.826,1.372],[-10.323,9.216],[-0.041,2.182],[5.301,-0.502],[5.662,-2.265],[0,0],[0.972,-2.34]],"v":[[9.249,-11.676],[7.249,-3.417],[-14.57,7.479],[-13.282,11.676],[1.028,8.963],[13.114,-1.014],[13.639,-2.209]],"c":true}]},{"i":{"x":0.667,"y":1},"o":{"x":0.333,"y":0},"t":15,"s":[{"i":[[3.844,1.914],[3.418,-3.789],[-0.489,-5.467],[-0.647,-0.624],[-3.989,1.783],[-1.677,4.693],[0,0]],"o":[[1.964,1.167],[-9.27,10.274],[0.194,2.174],[5.215,-1.07],[5.385,-2.862],[0,0],[0.714,-2.432]],"v":[[8.877,-15.202],[7.777,-6.776],[-12.741,6.406],[-11.009,10.44],[2.926,6.202],[13.867,-5.019],[14.261,-6.262]],"c":true}]},{"i":{"x":0.667,"y":1},"o":{"x":0.333,"y":0},"t":30,"s":[{"i":[[4.186,0.957],[2.433,-4.487],[-1.76,-5.199],[-0.775,-0.455],[-3.46,2.67],[-0.527,4.956],[0,0]],"o":[[2.183,0.673],[-6.598,12.164],[0.7,2.066],[4.819,-2.266],[4.562,-4.048],[0,0],[0.123,-2.532]],"v":[[4.225,-22.311],[5.136,-13.862],[-11.711,3.772],[-9.08,7.286],[3.47,-0.108],[11.468,-13.586],[11.558,-14.886]],"c":true}]},{"i":{"x":0.667,"y":1},"o":{"x":0.333,"y":0},"t":45,"s":[{"i":[[3.844,1.914],[3.418,-3.789],[-0.489,-5.467],[-0.647,-0.624],[-3.989,1.783],[-1.677,4.693],[0,0]],"o":[[1.964,1.167],[-9.27,10.274],[0.194,2.174],[5.215,-1.07],[5.385,-2.862],[0,0],[0.714,-2.432]],"v":[[8.877,-15.202],[7.777,-6.776],[-12.741,6.406],[-11.009,10.44],[2.926,6.202],[13.867,-5.019],[14.261,-6.262]],"c":true}]},{"t":60.0000024438501,"s":[{"i":[[3.615,2.316],[3.807,-3.399],[0.102,-5.488],[-0.576,-0.69],[-4.158,1.343],[-2.173,4.484],[0,0]],"o":[[1.826,1.372],[-10.323,9.216],[-0.041,2.182],[5.301,-0.502],[5.662,-2.265],[0,0],[0.972,-2.34]],"v":[[9.249,-11.676],[7.249,-3.417],[-14.57,7.479],[-13.282,11.676],[1.028,8.963],[13.114,-1.014],[13.639,-2.209]],"c":true}]}],"ix":2},"nm":"Path 1","mn":"ADBE Vector Shape - Group","hd":false},{"ty":"st","c":{"a":0,"k":[0.219999994016,0.219999994016,0.219999994016,1],"ix":3},"o":{"a":0,"k":100,"ix":4},"w":{"a":0,"k":1,"ix":5},"lc":2,"lj":2,"bm":0,"nm":"Stroke 1","mn":"ADBE Vector Graphic - Stroke","hd":false},{"ty":"fl","c":{"a":0,"k":[0.75686275959,0.75686275959,0.75686275959,1],"ix":4},"o":{"a":0,"k":100,"ix":5},"r":1,"bm":0,"nm":"Fill 1","mn":"ADBE Vector Graphic - Fill","hd":false},{"ty":"tr","p":{"a":0,"k":[149.929,93.277],"ix":2},"a":{"a":0,"k":[0,0],"ix":1},"s":{"a":0,"k":[100,100],"ix":3},"r":{"a":0,"k":0,"ix":6},"o":{"a":0,"k":100,"ix":7},"sk":{"a":0,"k":0,"ix":4},"sa":{"a":0,"k":0,"ix":5},"nm":"Transform"}],"nm":"Group 1","np":3,"cix":2,"bm":0,"ix":1,"mn":"ADBE Vector Group","hd":false},{"ty":"gr","it":[{"ind":0,"ty":"sh","ix":1,"ks":{"a":1,"k":[{"i":{"x":0.667,"y":1},"o":{"x":0.333,"y":0},"t":0,"s":[{"i":[[0,0],[0,0],[-0.354,-0.006],[-31.405,10.136],[-2.173,4.485],[0,0],[3.98,2.162],[15.999,2.581],[10.218,4.078],[1.618,-1.678],[5.822,-4.709],[2.522,1.491],[1.607,2.101],[-0.688,-7.746],[-0.078,-2.375],[0.783,-3.051],[-0.633,-4.038]],"o":[[0,0],[0.317,-0.106],[8.671,0.155],[5.662,-2.266],[0,0],[1.019,-2.455],[-7.962,-4.485],[-7.629,-1.232],[-2.161,-0.861],[0,0],[-6.247,5.054],[-2.275,-1.345],[-2.153,-2.821],[0.055,0.615],[0.104,3.145],[-0.67,2.618],[0.601,3.676]],"v":[[-60.839,15.318],[-60.826,15.35],[-59.818,15.183],[49.796,14.239],[61.882,4.26],[62.407,3.066],[57.48,-6.728],[29.597,-9.87],[-12.775,-23.514],[-19.044,-22.163],[-31.48,-9.174],[-46.359,-7.531],[-54.024,-15.808],[-61.279,-15.206],[-61.021,-10.41],[-62.083,-1.073],[-62.792,9.562]],"c":true}]},{"i":{"x":0.667,"y":1},"o":{"x":0.333,"y":0},"t":15,"s":[{"i":[[0,0],[0,0],[-0.354,0],[-30.131,13.458],[-1.677,4.693],[0,0],[4.191,1.72],[15.999,2.581],[10.218,4.078],[1.618,-1.678],[5.822,-4.709],[2.522,1.491],[1.607,2.101],[-0.688,-7.746],[-0.078,-2.375],[0.783,-3.051],[-0.634,-4.038]],"o":[[0,0],[0.316,-0.113],[8.672,0],[5.384,-2.862],[0,0],[0.75,-2.55],[-8.399,-3.602],[-7.629,-1.232],[-2.161,-0.861],[0,0],[-6.247,5.054],[-2.275,-1.345],[-2.153,-2.821],[0.055,0.615],[0.104,3.145],[-0.67,2.618],[0.601,3.676]],"v":[[-60.18,16.152],[-60.166,16.184],[-59.161,15.999],[51.694,11.478],[62.635,0.257],[63.028,-0.987],[57.075,-10.193],[29.597,-9.87],[-12.775,-23.514],[-19.044,-22.163],[-31.48,-9.174],[-46.359,-7.531],[-54.024,-15.808],[-61.278,-15.206],[-61.021,-10.41],[-62.083,-1.073],[-62.792,9.562]],"c":true}]},{"i":{"x":0.667,"y":1},"o":{"x":0.333,"y":0},"t":30,"s":[{"i":[[0,0],[0,0],[-0.354,0],[-26.125,20.161],[-0.529,4.955],[0,0],[4.478,0.687],[16.186,0.797],[10.218,4.078],[1.618,-1.678],[5.822,-4.709],[2.522,1.491],[1.607,2.101],[-0.688,-7.746],[-0.078,-2.375],[0.783,-3.051],[-0.634,-4.038]],"o":[[0,0],[0.316,-0.113],[8.672,0],[4.562,-4.048],[0,0],[0.13,-2.655],[-9.01,-1.528],[-7.719,-0.38],[-2.161,-0.861],[0,0],[-6.247,5.054],[-2.275,-1.345],[-2.153,-2.821],[0.055,0.615],[0.104,3.145],[-0.67,2.618],[0.601,3.676]],"v":[[-60.18,16.152],[-60.166,16.184],[-59.161,15.999],[52.237,5.168],[60.237,-8.311],[60.325,-9.612],[52.376,-17.161],[26.959,-9.477],[-12.775,-23.514],[-19.044,-22.163],[-31.48,-9.174],[-46.359,-7.531],[-54.024,-15.808],[-61.278,-15.206],[-61.021,-10.41],[-62.083,-1.073],[-62.792,9.562]],"c":true}]},{"i":{"x":0.667,"y":1},"o":{"x":0.333,"y":0},"t":45,"s":[{"i":[[0,0],[0,0],[-0.354,0],[-30.131,13.458],[-1.677,4.693],[0,0],[4.191,1.72],[15.999,2.581],[10.218,4.078],[1.618,-1.678],[5.822,-4.709],[2.522,1.491],[1.607,2.101],[-0.688,-7.746],[-0.078,-2.375],[0.783,-3.051],[-0.634,-4.038]],"o":[[0,0],[0.316,-0.113],[8.672,0],[5.384,-2.862],[0,0],[0.75,-2.55],[-8.399,-3.602],[-7.629,-1.232],[-2.161,-0.861],[0,0],[-6.247,5.054],[-2.275,-1.345],[-2.153,-2.821],[0.055,0.615],[0.104,3.145],[-0.67,2.618],[0.601,3.676]],"v":[[-60.18,16.152],[-60.166,16.184],[-59.161,15.999],[51.694,11.478],[62.635,0.257],[63.028,-0.987],[57.075,-10.193],[29.597,-9.87],[-12.775,-23.514],[-19.044,-22.163],[-31.48,-9.174],[-46.359,-7.531],[-54.024,-15.808],[-61.278,-15.206],[-61.021,-10.41],[-62.083,-1.073],[-62.792,9.562]],"c":true}]},{"t":60.0000024438501,"s":[{"i":[[0,0],[0,0],[-0.354,-0.006],[-31.405,10.136],[-2.173,4.485],[0,0],[3.98,2.162],[15.999,2.581],[10.218,4.078],[1.618,-1.678],[5.822,-4.709],[2.522,1.491],[1.607,2.101],[-0.688,-7.746],[-0.078,-2.375],[0.783,-3.051],[-0.633,-4.038]],"o":[[0,0],[0.317,-0.106],[8.671,0.155],[5.662,-2.266],[0,0],[1.019,-2.455],[-7.962,-4.485],[-7.629,-1.232],[-2.161,-0.861],[0,0],[-6.247,5.054],[-2.275,-1.345],[-2.153,-2.821],[0.055,0.615],[0.104,3.145],[-0.67,2.618],[0.601,3.676]],"v":[[-60.839,15.318],[-60.826,15.35],[-59.818,15.183],[49.796,14.239],[61.882,4.26],[62.407,3.066],[57.48,-6.728],[29.597,-9.87],[-12.775,-23.514],[-19.044,-22.163],[-31.48,-9.174],[-46.359,-7.531],[-54.024,-15.808],[-61.279,-15.206],[-61.021,-10.41],[-62.083,-1.073],[-62.792,9.562]],"c":true}]}],"ix":2},"nm":"Path 1","mn":"ADBE Vector Shape - Group","hd":false},{"ty":"st","c":{"a":0,"k":[0.219999994016,0.219999994016,0.219999994016,1],"ix":3},"o":{"a":0,"k":100,"ix":4},"w":{"a":0,"k":1,"ix":5},"lc":2,"lj":2,"bm":0,"nm":"Stroke 1","mn":"ADBE Vector Graphic - Stroke","hd":false},{"ty":"fl","c":{"a":0,"k":[0.79074972868,0.132074952126,0.181155949831,1],"ix":4},"o":{"a":0,"k":100,"ix":5},"r":1,"bm":0,"nm":"Fill 1","mn":"ADBE Vector Graphic - Fill","hd":false},{"ty":"tr","p":{"a":0,"k":[101.161,88.002],"ix":2},"a":{"a":0,"k":[0,0],"ix":1},"s":{"a":0,"k":[100,100],"ix":3},"r":{"a":0,"k":0,"ix":6},"o":{"a":0,"k":100,"ix":7},"sk":{"a":0,"k":0,"ix":4},"sa":{"a":0,"k":0,"ix":5},"nm":"Transform"}],"nm":"Group 2","np":3,"cix":2,"bm":0,"ix":2,"mn":"ADBE Vector Group","hd":false}],"ip":0,"op":60.0000024438501,"st":0,"bm":0},{"ddd":0,"ind":4,"ty":4,"nm":"laces Outlines","sr":1,"ks":{"o":{"a":0,"k":100,"ix":11},"r":{"a":0,"k":0,"ix":10},"p":{"a":0,"k":[88,88,0],"ix":2},"a":{"a":0,"k":[88,88,0],"ix":1},"s":{"a":0,"k":[100,100,100],"ix":6}},"ao":0,"shapes":[{"ty":"gr","it":[{"ind":0,"ty":"sh","ix":1,"ks":{"a":0,"k":{"i":[[0,0],[0.665,-3.474],[-0.322,-0.761],[0,0]],"o":[[-1.019,1.321],[-1.087,5.679],[0,0],[0,0]],"v":[[-22.093,-11.84],[-25.401,-4.503],[-25.025,5.176],[26.488,11.84]],"c":true},"ix":2},"nm":"Path 1","mn":"ADBE Vector Shape - Group","hd":false},{"ty":"st","c":{"a":0,"k":[0.219999994016,0.219999994016,0.219999994016,1],"ix":3},"o":{"a":0,"k":100,"ix":4},"w":{"a":0,"k":1,"ix":5},"lc":2,"lj":2,"bm":0,"nm":"Stroke 1","mn":"ADBE Vector Graphic - Stroke","hd":false},{"ty":"fl","c":{"a":0,"k":[0.75686275959,0.75686275959,0.75686275959,1],"ix":4},"o":{"a":0,"k":100,"ix":5},"r":1,"bm":0,"nm":"Fill 1","mn":"ADBE Vector Graphic - Fill","hd":false},{"ty":"tr","p":{"a":0,"k":[106.375,66.588],"ix":2},"a":{"a":0,"k":[0,0],"ix":1},"s":{"a":0,"k":[100,100],"ix":3},"r":{"a":0,"k":0,"ix":6},"o":{"a":0,"k":100,"ix":7},"sk":{"a":0,"k":0,"ix":4},"sa":{"a":0,"k":0,"ix":5},"nm":"Transform"}],"nm":"Group 1","np":3,"cix":2,"bm":0,"ix":1,"mn":"ADBE Vector Group","hd":false},{"ty":"gr","it":[{"ind":0,"ty":"sh","ix":1,"ks":{"a":0,"k":{"i":[[-1.086,5.679],[-1.018,1.321],[0,0],[1.001,-5.23],[0,0],[0,0]],"o":[[0.666,-3.474],[0,0],[0,0],[-1.253,6.547],[0,0],[-0.322,-0.761]],"v":[[1.24,-0.28],[4.548,-7.617],[0.889,-9.4],[-3.295,-1.035],[-2.838,8.823],[1.616,9.4]],"c":true},"ix":2},"nm":"Path 1","mn":"ADBE Vector Shape - Group","hd":false},{"ty":"st","c":{"a":0,"k":[0.219999994016,0.219999994016,0.219999994016,1],"ix":3},"o":{"a":0,"k":100,"ix":4},"w":{"a":0,"k":1,"ix":5},"lc":2,"lj":2,"bm":0,"nm":"Stroke 1","mn":"ADBE Vector Graphic - Stroke","hd":false},{"ty":"fl","c":{"a":0,"k":[0.913725495338,0.913725495338,0.913725495338,1],"ix":4},"o":{"a":0,"k":100,"ix":5},"r":1,"bm":0,"nm":"Fill 1","mn":"ADBE Vector Graphic - Fill","hd":false},{"ty":"tr","p":{"a":0,"k":[79.734,62.364],"ix":2},"a":{"a":0,"k":[0,0],"ix":1},"s":{"a":0,"k":[100,100],"ix":3},"r":{"a":0,"k":0,"ix":6},"o":{"a":0,"k":100,"ix":7},"sk":{"a":0,"k":0,"ix":4},"sa":{"a":0,"k":0,"ix":5},"nm":"Transform"}],"nm":"Group 2","np":3,"cix":2,"bm":0,"ix":2,"mn":"ADBE Vector Group","hd":false}],"ip":0,"op":60.0000024438501,"st":0,"bm":0}]}],"layers":[{"ddd":0,"ind":1,"ty":0,"nm":"st1","refId":"comp_0","sr":1,"ks":{"o":{"a":0,"k":100,"ix":11},"r":{"a":1,"k":[{"i":{"x":[0.833],"y":[0.833]},"o":{"x":[0.167],"y":[0.167]},"t":0,"s":[0]},{"t":60.0000024438501,"s":[360]}],"ix":10},"p":{"a":0,"k":[12,47,0],"ix":2},"a":{"a":0,"k":[12,47,0],"ix":1},"s":{"a":0,"k":[70,70,100],"ix":6}},"ao":0,"w":176,"h":176,"ip":-15.0000006109625,"op":60.0000024438501,"st":-15.0000006109625,"bm":0},{"ddd":0,"ind":2,"ty":0,"nm":"st2","refId":"comp_2","sr":1,"ks":{"o":{"a":0,"k":100,"ix":11},"r":{"a":1,"k":[{"i":{"x":[0.833],"y":[0.833]},"o":{"x":[0.167],"y":[0.167]},"t":0,"s":[0]},{"t":60.0000024438501,"s":[360]}],"ix":10},"p":{"a":0,"k":[153.25,26.25,0],"ix":2},"a":{"a":0,"k":[153.25,26.25,0],"ix":1},"s":{"a":0,"k":[70,70,100],"ix":6}},"ao":0,"w":176,"h":176,"ip":-15.0000006109625,"op":60.0000024438501,"st":-15.0000006109625,"bm":0},{"ddd":0,"ind":3,"ty":0,"nm":"правый идет","refId":"comp_4","sr":1,"ks":{"o":{"a":0,"k":100,"ix":11},"r":{"a":0,"k":0,"ix":10},"p":{"a":1,"k":[{"i":{"x":0.833,"y":0.833},"o":{"x":0.167,"y":0.167},"t":0,"s":[120,115.25,0],"to":[-9.5,0,0],"ti":[0,0,0]},{"i":{"x":0.833,"y":0.833},"o":{"x":0.167,"y":0.167},"t":30,"s":[63,115.25,0],"to":[0,0,0],"ti":[-10.096,0,0]},{"i":{"x":0.833,"y":0.833},"o":{"x":0.167,"y":0.167},"t":45,"s":[88.009,92,0],"to":[8.417,0,0],"ti":[-3.031,0,0]},{"t":60.0000024438501,"s":[120,115.25,0]}],"ix":2},"a":{"a":0,"k":[88,88,0],"ix":1},"s":{"a":0,"k":[70,70,100],"ix":6}},"ao":0,"w":176,"h":176,"ip":0,"op":60.0000024438501,"st":0,"bm":0},{"ddd":0,"ind":4,"ty":0,"nm":"левый идет","refId":"comp_7","sr":1,"ks":{"o":{"a":0,"k":100,"ix":11},"r":{"a":0,"k":0,"ix":10},"p":{"a":1,"k":[{"i":{"x":0.833,"y":0.833},"o":{"x":0.167,"y":0.167},"t":30,"s":[124,103.25,0],"to":[-9.833,0,0],"ti":[9.833,0,0]},{"t":60.0000024438501,"s":[65,103.25,0]}],"ix":2},"a":{"a":0,"k":[88,88,0],"ix":1},"s":{"a":0,"k":[65,65,100],"ix":6}},"ao":0,"w":176,"h":176,"ip":30.0000012219251,"op":90.0000036657752,"st":30.0000012219251,"bm":0},{"ddd":0,"ind":5,"ty":0,"nm":"левый идет","refId":"comp_7","sr":1,"ks":{"o":{"a":0,"k":100,"ix":11},"r":{"a":0,"k":0,"ix":10},"p":{"a":1,"k":[{"i":{"x":0.833,"y":0.833},"o":{"x":0.167,"y":0.167},"t":0,"s":[65,103.25,0],"to":[3.916,-3,0],"ti":[-9.79,0,0]},{"i":{"x":0.833,"y":0.833},"o":{"x":0.167,"y":0.167},"t":15,"s":[88.496,95.25,0],"to":[9.793,0,0],"ti":[-4.417,-3.25,0]},{"t":30.0000012219251,"s":[124,103.25,0]}],"ix":2},"a":{"a":0,"k":[88,88,0],"ix":1},"s":{"a":0,"k":[65,65,100],"ix":6}},"ao":0,"w":176,"h":176,"ip":-30.0000012219251,"op":30.0000012219251,"st":-30.0000012219251,"bm":0}],"markers":[]}