{"v":"5.5.10","fr":60,"ip":0,"op":180,"w":400,"h":321,"nm":"bumi","ddd":0,"assets":[{"id":"comp_0","layers":[{"ddd":0,"ind":1,"ty":0,"nm":"satel","refId":"comp_1","sr":1,"ks":{"o":{"a":0,"k":100,"ix":11},"r":{"a":0,"k":0,"ix":10},"p":{"a":1,"k":[{"i":{"x":0.667,"y":1},"o":{"x":0.333,"y":0},"t":0,"s":[219,160.5,0],"to":[-50,0,0],"ti":[0,0,0]},{"i":{"x":0.667,"y":1},"o":{"x":0.333,"y":0},"t":90,"s":[-81,160.5,0],"to":[0,0,0],"ti":[-50,0,0]},{"t":180,"s":[219,160.5,0]}],"ix":2},"a":{"a":0,"k":[219,160.5,0],"ix":1},"s":{"a":0,"k":[100,100,100],"ix":6}},"ao":0,"w":438,"h":321,"ip":0,"op":90,"st":0,"bm":0},{"ddd":0,"ind":2,"ty":3,"nm":"▽ Group 75","sr":1,"ks":{"o":{"a":0,"k":100,"ix":11},"r":{"a":0,"k":0,"ix":10},"p":{"a":0,"k":[219,160.5,0],"ix":2},"a":{"a":0,"k":[219,160.5,0],"ix":1},"s":{"a":0,"k":[100,100,100],"ix":6}},"ao":0,"ip":0,"op":3600,"st":0,"bm":0},{"ddd":0,"ind":3,"ty":0,"nm":"face2","refId":"comp_3","sr":1,"ks":{"o":{"a":0,"k":100,"ix":11},"r":{"a":0,"k":0,"ix":10},"p":{"a":0,"k":[219,160.5,0],"ix":2},"a":{"a":0,"k":[219,160.5,0],"ix":1},"s":{"a":0,"k":[100,100,100],"ix":6}},"ao":0,"w":438,"h":321,"ip":0,"op":3600,"st":0,"bm":0},{"ddd":0,"ind":6,"ty":4,"nm":"Fill 30","parent":2,"sr":1,"ks":{"o":{"a":0,"k":100,"ix":11},"r":{"a":0,"k":0,"ix":10},"p":{"a":0,"k":[351.709,120.064,0],"ix":2},"a":{"a":0,"k":[0,0,0],"ix":1},"s":{"a":0,"k":[100,100,100],"ix":6}},"ao":0,"shapes":[{"ty":"gr","it":[{"ind":0,"ty":"sh","ix":1,"ks":{"a":0,"k":{"i":[[0,0],[0,-0.11],[0,0],[-0.24,0.27],[0,0],[0.27,0.7]],"o":[[-0.09,0.08],[0,0],[0.01,0.36],[0,0],[-0.23,-0.71],[0,0]],"v":[[-0.391,-1.169],[-0.531,-0.859],[-0.491,0.921],[0.209,1.171],[0.529,0.811],[-0.231,-1.309]],"c":true},"ix":2},"nm":"Path 1","mn":"ADBE Vector Shape - Group","hd":false},{"ty":"fl","c":{"a":0,"k":[0.1216,0.6588,0.9098,1],"ix":4},"o":{"a":0,"k":100,"ix":5},"r":1,"bm":0,"nm":"Fill 1","mn":"ADBE Vector Graphic - Fill","hd":false},{"ty":"tr","p":{"a":0,"k":[0,0],"ix":2},"a":{"a":0,"k":[0,0],"ix":1},"s":{"a":0,"k":[300,300],"ix":3},"r":{"a":0,"k":0,"ix":6},"o":{"a":0,"k":100,"ix":7},"sk":{"a":0,"k":0,"ix":4},"sa":{"a":0,"k":0,"ix":5},"nm":"Transform"}],"nm":"Fill 30","np":2,"cix":2,"bm":0,"ix":1,"mn":"ADBE Vector Group","hd":false}],"ip":0,"op":3600,"st":0,"bm":0},{"ddd":0,"ind":7,"ty":4,"nm":"Stroke 28","parent":2,"sr":1,"ks":{"o":{"a":0,"k":100,"ix":11},"r":{"a":0,"k":0,"ix":10},"p":{"a":0,"k":[246.799,157.174,0],"ix":2},"a":{"a":0,"k":[0,0,0],"ix":1},"s":{"a":0,"k":[100,100,100],"ix":6}},"ao":0,"shapes":[{"ty":"gr","it":[{"ind":0,"ty":"sh","ix":1,"ks":{"a":0,"k":{"i":[[0,-20.61],[20.62,0],[0,20.62],[-20.61,0]],"o":[[0,20.62],[-20.61,0],[0,-20.61],[20.62,0]],"v":[[37.336,-0.004],[-0.004,37.336],[-37.334,-0.004],[-0.004,-37.334]],"c":true},"ix":2},"nm":"Path 1","mn":"ADBE Vector Shape - Group","hd":false},{"ty":"st","c":{"a":0,"k":[0.1216,0.6588,0.9098,1],"ix":3},"o":{"a":0,"k":100,"ix":4},"w":{"a":0,"k":2,"ix":5},"lc":2,"lj":2,"bm":0,"nm":"Stroke 1","mn":"ADBE Vector Graphic - Stroke","hd":false},{"ty":"tr","p":{"a":0,"k":[0,0],"ix":2},"a":{"a":0,"k":[0,0],"ix":1},"s":{"a":0,"k":[300,300],"ix":3},"r":{"a":0,"k":0,"ix":6},"o":{"a":0,"k":100,"ix":7},"sk":{"a":0,"k":0,"ix":4},"sa":{"a":0,"k":0,"ix":5},"nm":"Transform"}],"nm":"Stroke 28","np":2,"cix":2,"bm":0,"ix":1,"mn":"ADBE Vector Group","hd":false}],"ip":0,"op":3600,"st":0,"bm":0},{"ddd":0,"ind":8,"ty":4,"nm":"Fill 72","parent":2,"td":1,"sr":1,"ks":{"o":{"a":0,"k":100,"ix":11},"r":{"a":0,"k":0,"ix":10},"p":{"a":0,"k":[246.799,157.174,0],"ix":2},"a":{"a":0,"k":[0,0,0],"ix":1},"s":{"a":0,"k":[100,100,100],"ix":6}},"ao":0,"shapes":[{"ty":"gr","it":[{"ind":0,"ty":"sh","ix":1,"ks":{"a":0,"k":{"i":[[0,0],[20.62,0],[0,20.62],[-20.61,0],[0,-20.61]],"o":[[0,20.62],[-20.61,0],[0,-20.61],[20.62,0],[0,0]],"v":[[37.336,-0.004],[-0.004,37.336],[-37.334,-0.004],[-0.004,-37.334],[37.336,-0.004]],"c":false},"ix":2},"nm":"Path 1","mn":"ADBE Vector Shape - Group","hd":false},{"ty":"fl","c":{"a":0,"k":[0.9,0.9683,1,1],"ix":4},"o":{"a":0,"k":100,"ix":5},"r":1,"bm":0,"nm":"Fill 1","mn":"ADBE Vector Graphic - Fill","hd":false},{"ty":"tr","p":{"a":0,"k":[0,0],"ix":2},"a":{"a":0,"k":[0,0],"ix":1},"s":{"a":0,"k":[300,300],"ix":3},"r":{"a":0,"k":0,"ix":6},"o":{"a":0,"k":100,"ix":7},"sk":{"a":0,"k":0,"ix":4},"sa":{"a":0,"k":0,"ix":5},"nm":"Transform"}],"nm":"Fill 24","np":2,"cix":2,"bm":0,"ix":1,"mn":"ADBE Vector Group","hd":false}],"ip":0,"op":3600,"st":0,"bm":0},{"ddd":0,"ind":9,"ty":0,"nm":"map","tt":1,"refId":"comp_4","sr":1,"ks":{"o":{"a":0,"k":100,"ix":11},"r":{"a":0,"k":0,"ix":10},"p":{"a":1,"k":[{"i":{"x":0.833,"y":0.833},"o":{"x":0.167,"y":0.167},"t":0,"s":[-11,160.5,0],"to":[66.667,0,0],"ti":[-66.667,0,0]},{"t":180,"s":[389,160.5,0]}],"ix":2},"a":{"a":0,"k":[500,160.5,0],"ix":1},"s":{"a":0,"k":[100,100,100],"ix":6}},"ao":0,"w":1000,"h":321,"ip":0,"op":3600,"st":0,"bm":0},{"ddd":0,"ind":10,"ty":4,"nm":"Fill 26","parent":2,"sr":1,"ks":{"o":{"a":0,"k":100,"ix":11},"r":{"a":0,"k":0,"ix":10},"p":{"a":0,"k":[195.298,157.174,0],"ix":2},"a":{"a":0,"k":[0,0,0],"ix":1},"s":{"a":0,"k":[100,100,100],"ix":6}},"ao":0,"shapes":[{"ty":"gr","it":[{"ind":0,"ty":"sh","ix":1,"ks":{"a":0,"k":{"i":[[0,0],[-19.21,1.53],[1.01,0],[0,-20.61],[-20.61,0],[-0.99,0.08],[0,19.61]],"o":[[0,-19.6],[-0.99,-0.08],[-20.61,0],[0,20.62],[1.01,0],[-19.21,-1.53],[0,0]],"v":[[-14.167,-0.004],[20.163,-37.204],[17.163,-37.334],[-20.167,-0.004],[17.163,37.336],[20.163,37.206],[-14.167,-0.004]],"c":false},"ix":2},"nm":"Path 1","mn":"ADBE Vector Shape - Group","hd":false},{"ty":"fl","c":{"a":0,"k":[1,1,1,1],"ix":4},"o":{"a":0,"k":100,"ix":5},"r":1,"bm":0,"nm":"Fill 1","mn":"ADBE Vector Graphic - Fill","hd":false},{"ty":"tr","p":{"a":0,"k":[0,0],"ix":2},"a":{"a":0,"k":[0,0],"ix":1},"s":{"a":0,"k":[300,300],"ix":3},"r":{"a":0,"k":0,"ix":6},"o":{"a":0,"k":100,"ix":7},"sk":{"a":0,"k":0,"ix":4},"sa":{"a":0,"k":0,"ix":5},"nm":"Transform"}],"nm":"Fill 26","np":2,"cix":2,"bm":0,"ix":1,"mn":"ADBE Vector Group","hd":false}],"ip":0,"op":3600,"st":0,"bm":0},{"ddd":0,"ind":11,"ty":4,"nm":"Fill 24","parent":2,"sr":1,"ks":{"o":{"a":0,"k":100,"ix":11},"r":{"a":0,"k":0,"ix":10},"p":{"a":0,"k":[246.799,157.174,0],"ix":2},"a":{"a":0,"k":[0,0,0],"ix":1},"s":{"a":0,"k":[100,100,100],"ix":6}},"ao":0,"shapes":[{"ty":"gr","it":[{"ind":0,"ty":"sh","ix":1,"ks":{"a":0,"k":{"i":[[0,0],[20.62,0],[0,20.62],[-20.61,0],[0,-20.61]],"o":[[0,20.62],[-20.61,0],[0,-20.61],[20.62,0],[0,0]],"v":[[37.336,-0.004],[-0.004,37.336],[-37.334,-0.004],[-0.004,-37.334],[37.336,-0.004]],"c":false},"ix":2},"nm":"Path 1","mn":"ADBE Vector Shape - Group","hd":false},{"ty":"fl","c":{"a":0,"k":[0.9,0.9683,1,1],"ix":4},"o":{"a":0,"k":100,"ix":5},"r":1,"bm":0,"nm":"Fill 1","mn":"ADBE Vector Graphic - Fill","hd":false},{"ty":"tr","p":{"a":0,"k":[0,0],"ix":2},"a":{"a":0,"k":[0,0],"ix":1},"s":{"a":0,"k":[300,300],"ix":3},"r":{"a":0,"k":0,"ix":6},"o":{"a":0,"k":100,"ix":7},"sk":{"a":0,"k":0,"ix":4},"sa":{"a":0,"k":0,"ix":5},"nm":"Transform"}],"nm":"Fill 24","np":2,"cix":2,"bm":0,"ix":1,"mn":"ADBE Vector Group","hd":false}],"ip":0,"op":3600,"st":0,"bm":0},{"ddd":0,"ind":12,"ty":0,"nm":"satel","refId":"comp_1","sr":1,"ks":{"o":{"a":0,"k":100,"ix":11},"r":{"a":0,"k":0,"ix":10},"p":{"a":1,"k":[{"i":{"x":0.667,"y":1},"o":{"x":0.333,"y":0},"t":0,"s":[219,160.5,0],"to":[-50,0,0],"ti":[0,0,0]},{"i":{"x":0.667,"y":1},"o":{"x":0.333,"y":0},"t":90,"s":[-81,160.5,0],"to":[0,0,0],"ti":[-50,0,0]},{"t":180,"s":[219,160.5,0]}],"ix":2},"a":{"a":0,"k":[219,160.5,0],"ix":1},"s":{"a":0,"k":[100,100,100],"ix":6}},"ao":0,"w":438,"h":321,"ip":90,"op":3600,"st":0,"bm":0},{"ddd":0,"ind":13,"ty":4,"nm":"Fill 22","parent":2,"sr":1,"ks":{"o":{"a":0,"k":100,"ix":11},"r":{"a":0,"k":0,"ix":10},"p":{"a":0,"k":[82.666,190.521,0],"ix":2},"a":{"a":0,"k":[0,0,0],"ix":1},"s":{"a":0,"k":[100,100,100],"ix":6}},"ao":0,"shapes":[{"ty":"gr","it":[{"ind":0,"ty":"sh","ix":1,"ks":{"a":0,"k":{"i":[[0,0],[0.77,0],[0,0.78],[-0.78,0],[0,-0.78]],"o":[[0,0.78],[-0.78,0],[0,-0.78],[0.77,0],[0,0]],"v":[[1.412,0.003],[0.002,1.413],[-1.408,0.003],[0.002,-1.408],[1.412,0.003]],"c":false},"ix":2},"nm":"Path 1","mn":"ADBE Vector Shape - Group","hd":false},{"ty":"fl","c":{"a":0,"k":[0.72,0.9113,1,1],"ix":4},"o":{"a":0,"k":100,"ix":5},"r":1,"bm":0,"nm":"Fill 1","mn":"ADBE Vector Graphic - Fill","hd":false},{"ty":"tr","p":{"a":0,"k":[0,0],"ix":2},"a":{"a":0,"k":[0,0],"ix":1},"s":{"a":0,"k":[300,300],"ix":3},"r":{"a":0,"k":0,"ix":6},"o":{"a":0,"k":100,"ix":7},"sk":{"a":0,"k":0,"ix":4},"sa":{"a":0,"k":0,"ix":5},"nm":"Transform"}],"nm":"Fill 22","np":2,"cix":2,"bm":0,"ix":1,"mn":"ADBE Vector Group","hd":false}],"ip":0,"op":3600,"st":0,"bm":0},{"ddd":0,"ind":14,"ty":4,"nm":"Fill 20","parent":2,"sr":1,"ks":{"o":{"a":0,"k":100,"ix":11},"r":{"a":0,"k":0,"ix":10},"p":{"a":0,"k":[259.175,266.301,0],"ix":2},"a":{"a":0,"k":[0,0,0],"ix":1},"s":{"a":0,"k":[100,100,100],"ix":6}},"ao":0,"shapes":[{"ty":"gr","it":[{"ind":0,"ty":"sh","ix":1,"ks":{"a":0,"k":{"i":[[0,0],[0.76,0],[0,0.76],[-0.76,0],[0,-0.76]],"o":[[0,0.76],[-0.76,0],[0,-0.76],[0.76,0],[0,0]],"v":[[1.374,0.005],[0.005,1.374],[-1.376,0.005],[0.005,-1.376],[1.374,0.005]],"c":false},"ix":2},"nm":"Path 1","mn":"ADBE Vector Shape - Group","hd":false},{"ty":"fl","c":{"a":0,"k":[0.72,0.9113,1,1],"ix":4},"o":{"a":0,"k":100,"ix":5},"r":1,"bm":0,"nm":"Fill 1","mn":"ADBE Vector Graphic - Fill","hd":false},{"ty":"tr","p":{"a":0,"k":[0,0],"ix":2},"a":{"a":0,"k":[0,0],"ix":1},"s":{"a":0,"k":[300,300],"ix":3},"r":{"a":0,"k":0,"ix":6},"o":{"a":0,"k":100,"ix":7},"sk":{"a":0,"k":0,"ix":4},"sa":{"a":0,"k":0,"ix":5},"nm":"Transform"}],"nm":"Fill 20","np":2,"cix":2,"bm":0,"ix":1,"mn":"ADBE Vector Group","hd":false}],"ip":0,"op":3600,"st":0,"bm":0},{"ddd":0,"ind":15,"ty":4,"nm":"Fill 18","parent":2,"sr":1,"ks":{"o":{"a":0,"k":100,"ix":11},"r":{"a":0,"k":0,"ix":10},"p":{"a":0,"k":[200.329,19.554,0],"ix":2},"a":{"a":0,"k":[0,0,0],"ix":1},"s":{"a":0,"k":[100,100,100],"ix":6}},"ao":0,"shapes":[{"ty":"gr","it":[{"ind":0,"ty":"sh","ix":1,"ks":{"a":0,"k":{"i":[[0,0],[0.76,0],[0,0.76],[-0.76,0],[0,-0.76]],"o":[[0,0.76],[-0.76,0],[0,-0.76],[0.76,0],[0,0]],"v":[[1.374,0.005],[0.005,1.374],[-1.376,0.005],[0.005,-1.376],[1.374,0.005]],"c":false},"ix":2},"nm":"Path 1","mn":"ADBE Vector Shape - Group","hd":false},{"ty":"fl","c":{"a":0,"k":[0.72,0.9113,1,1],"ix":4},"o":{"a":0,"k":100,"ix":5},"r":1,"bm":0,"nm":"Fill 1","mn":"ADBE Vector Graphic - Fill","hd":false},{"ty":"tr","p":{"a":0,"k":[0,0],"ix":2},"a":{"a":0,"k":[0,0],"ix":1},"s":{"a":0,"k":[300,300],"ix":3},"r":{"a":0,"k":0,"ix":6},"o":{"a":0,"k":100,"ix":7},"sk":{"a":0,"k":0,"ix":4},"sa":{"a":0,"k":0,"ix":5},"nm":"Transform"}],"nm":"Fill 18","np":2,"cix":2,"bm":0,"ix":1,"mn":"ADBE Vector Group","hd":false}],"ip":0,"op":3600,"st":0,"bm":0},{"ddd":0,"ind":16,"ty":4,"nm":"Fill 16","parent":2,"sr":1,"ks":{"o":{"a":0,"k":100,"ix":11},"r":{"a":0,"k":0,"ix":10},"p":{"a":0,"k":[156.47,34.995,0],"ix":2},"a":{"a":0,"k":[0,0,0],"ix":1},"s":{"a":0,"k":[100,100,100],"ix":6}},"ao":0,"shapes":[{"ty":"gr","it":[{"ind":0,"ty":"sh","ix":1,"ks":{"a":0,"k":{"i":[[0,0],[0.99,0],[0,0.99],[-1,0],[0,-1]],"o":[[0,0.99],[-1,0],[0,-1],[0.99,0],[0,0]],"v":[[1.795,0.005],[0.005,1.795],[-1.795,0.005],[0.005,-1.795],[1.795,0.005]],"c":false},"ix":2},"nm":"Path 1","mn":"ADBE Vector Shape - Group","hd":false},{"ty":"fl","c":{"a":0,"k":[0.72,0.9113,1,1],"ix":4},"o":{"a":0,"k":100,"ix":5},"r":1,"bm":0,"nm":"Fill 1","mn":"ADBE Vector Graphic - Fill","hd":false},{"ty":"tr","p":{"a":0,"k":[0,0],"ix":2},"a":{"a":0,"k":[0,0],"ix":1},"s":{"a":0,"k":[300,300],"ix":3},"r":{"a":0,"k":0,"ix":6},"o":{"a":0,"k":100,"ix":7},"sk":{"a":0,"k":0,"ix":4},"sa":{"a":0,"k":0,"ix":5},"nm":"Transform"}],"nm":"Fill 16","np":2,"cix":2,"bm":0,"ix":1,"mn":"ADBE Vector Group","hd":false}],"ip":0,"op":3600,"st":0,"bm":0},{"ddd":0,"ind":17,"ty":4,"nm":"Fill 14","parent":2,"sr":1,"ks":{"o":{"a":0,"k":100,"ix":11},"r":{"a":0,"k":0,"ix":10},"p":{"a":0,"k":[322.949,270.428,0],"ix":2},"a":{"a":0,"k":[0,0,0],"ix":1},"s":{"a":0,"k":[100,100,100],"ix":6}},"ao":0,"shapes":[{"ty":"gr","it":[{"ind":0,"ty":"sh","ix":1,"ks":{"a":0,"k":{"i":[[0,0],[0.44,-0.88],[0.17,0.33],[0.88,0.44],[-0.33,0.17],[-0.44,0.88],[-0.17,-0.33],[-0.88,-0.44],[0.34,-0.17]],"o":[[-0.88,0.44],[-0.17,0.33],[-0.44,-0.88],[-0.33,-0.17],[0.88,-0.44],[0.17,-0.33],[0.44,0.88],[0.34,0.17],[0,0]],"v":[[2.499,0.409],[0.409,2.499],[-0.411,2.499],[-2.501,0.409],[-2.501,-0.411],[-0.411,-2.501],[0.409,-2.501],[2.499,-0.411],[2.499,0.409]],"c":false},"ix":2},"nm":"Path 1","mn":"ADBE Vector Shape - Group","hd":false},{"ty":"fl","c":{"a":0,"k":[0.72,0.9113,1,1],"ix":4},"o":{"a":0,"k":100,"ix":5},"r":1,"bm":0,"nm":"Fill 1","mn":"ADBE Vector Graphic - Fill","hd":false},{"ty":"tr","p":{"a":0,"k":[0,0],"ix":2},"a":{"a":0,"k":[0,0],"ix":1},"s":{"a":0,"k":[300,300],"ix":3},"r":{"a":0,"k":0,"ix":6},"o":{"a":0,"k":100,"ix":7},"sk":{"a":0,"k":0,"ix":4},"sa":{"a":0,"k":0,"ix":5},"nm":"Transform"}],"nm":"Fill 14","np":2,"cix":2,"bm":0,"ix":1,"mn":"ADBE Vector Group","hd":false}],"ip":0,"op":3600,"st":0,"bm":0},{"ddd":0,"ind":18,"ty":4,"nm":"Fill 12","parent":2,"sr":1,"ks":{"o":{"a":0,"k":100,"ix":11},"r":{"a":0,"k":0,"ix":10},"p":{"a":0,"k":[187.949,270.428,0],"ix":2},"a":{"a":0,"k":[0,0,0],"ix":1},"s":{"a":0,"k":[100,100,100],"ix":6}},"ao":0,"shapes":[{"ty":"gr","it":[{"ind":0,"ty":"sh","ix":1,"ks":{"a":0,"k":{"i":[[0,0],[0.44,-0.88],[0.17,0.33],[0.88,0.44],[-0.33,0.17],[-0.44,0.88],[-0.17,-0.33],[-0.88,-0.44],[0.34,-0.17]],"o":[[-0.88,0.44],[-0.17,0.33],[-0.44,-0.88],[-0.33,-0.17],[0.88,-0.44],[0.17,-0.33],[0.44,0.88],[0.34,0.17],[0,0]],"v":[[2.499,0.409],[0.409,2.499],[-0.411,2.499],[-2.501,0.409],[-2.501,-0.411],[-0.411,-2.501],[0.409,-2.501],[2.499,-0.411],[2.499,0.409]],"c":false},"ix":2},"nm":"Path 1","mn":"ADBE Vector Shape - Group","hd":false},{"ty":"fl","c":{"a":0,"k":[0.72,0.9113,1,1],"ix":4},"o":{"a":0,"k":100,"ix":5},"r":1,"bm":0,"nm":"Fill 1","mn":"ADBE Vector Graphic - Fill","hd":false},{"ty":"tr","p":{"a":0,"k":[0,0],"ix":2},"a":{"a":0,"k":[0,0],"ix":1},"s":{"a":0,"k":[300,300],"ix":3},"r":{"a":0,"k":0,"ix":6},"o":{"a":0,"k":100,"ix":7},"sk":{"a":0,"k":0,"ix":4},"sa":{"a":0,"k":0,"ix":5},"nm":"Transform"}],"nm":"Fill 12","np":2,"cix":2,"bm":0,"ix":1,"mn":"ADBE Vector Group","hd":false}],"ip":0,"op":3600,"st":0,"bm":0},{"ddd":0,"ind":19,"ty":4,"nm":"Fill 10","parent":2,"sr":1,"ks":{"o":{"a":0,"k":100,"ix":11},"r":{"a":0,"k":0,"ix":10},"p":{"a":0,"k":[82.949,150.428,0],"ix":2},"a":{"a":0,"k":[0,0,0],"ix":1},"s":{"a":0,"k":[100,100,100],"ix":6}},"ao":0,"shapes":[{"ty":"gr","it":[{"ind":0,"ty":"sh","ix":1,"ks":{"a":0,"k":{"i":[[0,0],[0.44,-0.88],[0.17,0.33],[0.88,0.44],[-0.33,0.17],[-0.44,0.88],[-0.17,-0.33],[-0.88,-0.44],[0.34,-0.17]],"o":[[-0.88,0.44],[-0.17,0.33],[-0.44,-0.88],[-0.33,-0.17],[0.88,-0.44],[0.17,-0.33],[0.44,0.88],[0.34,0.17],[0,0]],"v":[[2.499,0.409],[0.409,2.499],[-0.411,2.499],[-2.501,0.409],[-2.501,-0.411],[-0.411,-2.501],[0.409,-2.501],[2.499,-0.411],[2.499,0.409]],"c":false},"ix":2},"nm":"Path 1","mn":"ADBE Vector Shape - Group","hd":false},{"ty":"fl","c":{"a":0,"k":[0.72,0.9113,1,1],"ix":4},"o":{"a":0,"k":100,"ix":5},"r":1,"bm":0,"nm":"Fill 1","mn":"ADBE Vector Graphic - Fill","hd":false},{"ty":"tr","p":{"a":0,"k":[0,0],"ix":2},"a":{"a":0,"k":[0,0],"ix":1},"s":{"a":0,"k":[300,300],"ix":3},"r":{"a":0,"k":0,"ix":6},"o":{"a":0,"k":100,"ix":7},"sk":{"a":0,"k":0,"ix":4},"sa":{"a":0,"k":0,"ix":5},"nm":"Transform"}],"nm":"Fill 10","np":2,"cix":2,"bm":0,"ix":1,"mn":"ADBE Vector Group","hd":false}],"ip":0,"op":3600,"st":0,"bm":0},{"ddd":0,"ind":20,"ty":4,"nm":"Fill 8","parent":2,"sr":1,"ks":{"o":{"a":0,"k":100,"ix":11},"r":{"a":0,"k":0,"ix":10},"p":{"a":0,"k":[397.949,165.428,0],"ix":2},"a":{"a":0,"k":[0,0,0],"ix":1},"s":{"a":0,"k":[100,100,100],"ix":6}},"ao":0,"shapes":[{"ty":"gr","it":[{"ind":0,"ty":"sh","ix":1,"ks":{"a":0,"k":{"i":[[0,0],[0.44,-0.88],[0.17,0.33],[0.88,0.44],[-0.33,0.17],[-0.44,0.88],[-0.17,-0.33],[-0.88,-0.44],[0.34,-0.17]],"o":[[-0.88,0.44],[-0.17,0.33],[-0.44,-0.88],[-0.33,-0.17],[0.88,-0.44],[0.17,-0.33],[0.44,0.88],[0.34,0.17],[0,0]],"v":[[2.499,0.409],[0.409,2.499],[-0.411,2.499],[-2.501,0.409],[-2.501,-0.411],[-0.411,-2.501],[0.409,-2.501],[2.499,-0.411],[2.499,0.409]],"c":false},"ix":2},"nm":"Path 1","mn":"ADBE Vector Shape - Group","hd":false},{"ty":"fl","c":{"a":0,"k":[0.72,0.9113,1,1],"ix":4},"o":{"a":0,"k":100,"ix":5},"r":1,"bm":0,"nm":"Fill 1","mn":"ADBE Vector Graphic - Fill","hd":false},{"ty":"tr","p":{"a":0,"k":[0,0],"ix":2},"a":{"a":0,"k":[0,0],"ix":1},"s":{"a":0,"k":[300,300],"ix":3},"r":{"a":0,"k":0,"ix":6},"o":{"a":0,"k":100,"ix":7},"sk":{"a":0,"k":0,"ix":4},"sa":{"a":0,"k":0,"ix":5},"nm":"Transform"}],"nm":"Fill 8","np":2,"cix":2,"bm":0,"ix":1,"mn":"ADBE Vector Group","hd":false}],"ip":0,"op":3600,"st":0,"bm":0},{"ddd":0,"ind":21,"ty":4,"nm":"Fill 6","parent":2,"sr":1,"ks":{"o":{"a":0,"k":100,"ix":11},"r":{"a":0,"k":0,"ix":10},"p":{"a":0,"k":[322.949,15.428,0],"ix":2},"a":{"a":0,"k":[0,0,0],"ix":1},"s":{"a":0,"k":[100,100,100],"ix":6}},"ao":0,"shapes":[{"ty":"gr","it":[{"ind":0,"ty":"sh","ix":1,"ks":{"a":0,"k":{"i":[[0,0],[0.44,-0.88],[0.17,0.33],[0.88,0.44],[-0.33,0.17],[-0.44,0.88],[-0.17,-0.33],[-0.88,-0.44],[0.34,-0.17]],"o":[[-0.88,0.44],[-0.17,0.33],[-0.44,-0.88],[-0.33,-0.17],[0.88,-0.44],[0.17,-0.33],[0.44,0.88],[0.34,0.17],[0,0]],"v":[[2.499,0.409],[0.409,2.499],[-0.411,2.499],[-2.501,0.409],[-2.501,-0.411],[-0.411,-2.501],[0.409,-2.501],[2.499,-0.411],[2.499,0.409]],"c":false},"ix":2},"nm":"Path 1","mn":"ADBE Vector Shape - Group","hd":false},{"ty":"fl","c":{"a":0,"k":[0.72,0.9113,1,1],"ix":4},"o":{"a":0,"k":100,"ix":5},"r":1,"bm":0,"nm":"Fill 1","mn":"ADBE Vector Graphic - Fill","hd":false},{"ty":"tr","p":{"a":0,"k":[0,0],"ix":2},"a":{"a":0,"k":[0,0],"ix":1},"s":{"a":0,"k":[300,300],"ix":3},"r":{"a":0,"k":0,"ix":6},"o":{"a":0,"k":100,"ix":7},"sk":{"a":0,"k":0,"ix":4},"sa":{"a":0,"k":0,"ix":5},"nm":"Transform"}],"nm":"Fill 6","np":2,"cix":2,"bm":0,"ix":1,"mn":"ADBE Vector Group","hd":false}],"ip":0,"op":3600,"st":0,"bm":0},{"ddd":0,"ind":22,"ty":4,"nm":"Fill 4","parent":2,"sr":1,"ks":{"o":{"a":0,"k":100,"ix":11},"r":{"a":0,"k":0,"ix":10},"p":{"a":0,"k":[112.949,45.428,0],"ix":2},"a":{"a":0,"k":[0,0,0],"ix":1},"s":{"a":0,"k":[100,100,100],"ix":6}},"ao":0,"shapes":[{"ty":"gr","it":[{"ind":0,"ty":"sh","ix":1,"ks":{"a":0,"k":{"i":[[0,0],[0.44,-0.88],[0.17,0.33],[0.88,0.44],[-0.33,0.17],[-0.44,0.88],[-0.17,-0.33],[-0.88,-0.44],[0.34,-0.17]],"o":[[-0.88,0.44],[-0.17,0.33],[-0.44,-0.88],[-0.33,-0.17],[0.88,-0.44],[0.17,-0.33],[0.44,0.88],[0.34,0.17],[0,0]],"v":[[2.499,0.409],[0.409,2.499],[-0.411,2.499],[-2.501,0.409],[-2.501,-0.411],[-0.411,-2.501],[0.409,-2.501],[2.499,-0.411],[2.499,0.409]],"c":false},"ix":2},"nm":"Path 1","mn":"ADBE Vector Shape - Group","hd":false},{"ty":"fl","c":{"a":0,"k":[0.72,0.9113,1,1],"ix":4},"o":{"a":0,"k":100,"ix":5},"r":1,"bm":0,"nm":"Fill 1","mn":"ADBE Vector Graphic - Fill","hd":false},{"ty":"tr","p":{"a":0,"k":[0,0],"ix":2},"a":{"a":0,"k":[0,0],"ix":1},"s":{"a":0,"k":[300,300],"ix":3},"r":{"a":0,"k":0,"ix":6},"o":{"a":0,"k":100,"ix":7},"sk":{"a":0,"k":0,"ix":4},"sa":{"a":0,"k":0,"ix":5},"nm":"Transform"}],"nm":"Fill 4","np":2,"cix":2,"bm":0,"ix":1,"mn":"ADBE Vector Group","hd":false}],"ip":0,"op":3600,"st":0,"bm":0},{"ddd":0,"ind":23,"ty":3,"nm":"▽ Group 3","parent":2,"sr":1,"ks":{"o":{"a":0,"k":100,"ix":11},"r":{"a":0,"k":0,"ix":10},"p":{"a":0,"k":[246,159.111,0],"ix":2},"a":{"a":0,"k":[192,159,0],"ix":1},"s":{"a":0,"k":[100,100,100],"ix":6}},"ao":0,"ip":0,"op":3600,"st":0,"bm":0},{"ddd":0,"ind":24,"ty":4,"nm":"▨ Clip 3","parent":26,"td":1,"sr":1,"ks":{"o":{"a":0,"k":100,"ix":11},"r":{"a":0,"k":0,"ix":10},"p":{"a":0,"k":[0,0,0],"ix":2},"a":{"a":0,"k":[0,0,0],"ix":1},"s":{"a":0,"k":[100,100,100],"ix":6}},"ao":0,"shapes":[{"ty":"gr","it":[{"ind":0,"ty":"sh","ix":1,"ks":{"a":0,"k":{"i":[[0,0],[0,0],[0,0],[0,0]],"o":[[0,0],[0,0],[0,0],[0,0]],"v":[[-63.484,-52.518],[63.486,-52.518],[63.486,52.521],[-63.484,52.521]],"c":true},"ix":2},"nm":"Path 1","mn":"ADBE Vector Shape - Group","hd":false},{"ty":"tr","p":{"a":0,"k":[0,0],"ix":2},"a":{"a":0,"k":[0,0],"ix":1},"s":{"a":0,"k":[300,300],"ix":3},"r":{"a":0,"k":0,"ix":6},"o":{"a":0,"k":100,"ix":7},"sk":{"a":0,"k":0,"ix":4},"sa":{"a":0,"k":0,"ix":5},"nm":"Transform"}],"nm":"Clip 2","np":1,"cix":2,"bm":0,"ix":1,"mn":"ADBE Vector Group","hd":false},{"ty":"fl","c":{"a":0,"k":[0,0.6833,1,1],"ix":4},"o":{"a":0,"k":100,"ix":5},"r":1,"bm":0,"nm":"Fill 1","mn":"ADBE Vector Graphic - Fill","hd":false}],"ip":0,"op":3600,"st":0,"bm":0},{"ddd":0,"ind":25,"ty":4,"nm":"Fill 1","parent":23,"tt":1,"sr":1,"ks":{"o":{"a":0,"k":100,"ix":11},"r":{"a":0,"k":0,"ix":10},"p":{"a":0,"k":[192.799,160.444,0],"ix":2},"a":{"a":0,"k":[0,0,0],"ix":1},"s":{"a":0,"k":[100,100,100],"ix":6}},"ao":0,"shapes":[{"ty":"gr","it":[{"ind":0,"ty":"sh","ix":1,"ks":{"a":0,"k":{"i":[[0,0],[-0.76,-4.06],[-7.03,-4.67],[25.15,-11.15],[2.83,-1.95],[31.94,29.77],[-1.24,15.95],[-5.98,11.79],[-6.92,5.94],[-3.17,0.47],[-16,-8.04]],"o":[[3.25,1.71],[1.56,8.3],[19.86,13.2],[-3.15,1.39],[-30.23,20.8],[-8.97,-8.38],[-1.48,-14.2],[2.99,-6.55],[8.99,-9.71],[7.21,-0.37],[0,0]],"v":[[30.386,-49.929],[35.556,-40.579],[49.256,-20.549],[43.826,27.331],[34.786,32.271],[-31.214,34.231],[-63.404,10.561],[-40.004,-25.529],[-35.814,-46.489],[1.036,-44.389],[30.386,-49.929]],"c":false},"ix":2},"nm":"Path 1","mn":"ADBE Vector Shape - Group","hd":false},{"ty":"fl","c":{"a":0,"k":[0.9,0.9683,1,1],"ix":4},"o":{"a":0,"k":100,"ix":5},"r":1,"bm":0,"nm":"Fill 1","mn":"ADBE Vector Graphic - Fill","hd":false},{"ty":"tr","p":{"a":0,"k":[0,0],"ix":2},"a":{"a":0,"k":[0,0],"ix":1},"s":{"a":0,"k":[300,300],"ix":3},"r":{"a":0,"k":0,"ix":6},"o":{"a":0,"k":100,"ix":7},"sk":{"a":0,"k":0,"ix":4},"sa":{"a":0,"k":0,"ix":5},"nm":"Transform"}],"nm":"Fill 1","np":2,"cix":2,"bm":0,"ix":1,"mn":"ADBE Vector Group","hd":false}],"ip":0,"op":3600,"st":0,"bm":0},{"ddd":0,"ind":26,"ty":3,"nm":"Clip 2","parent":23,"sr":1,"ks":{"o":{"a":0,"k":100,"ix":11},"r":{"a":0,"k":0,"ix":10},"p":{"a":0,"k":[192.799,160.445,0],"ix":2},"a":{"a":0,"k":[0,0,0],"ix":1},"s":{"a":0,"k":[100,100,100],"ix":6}},"ao":0,"ip":0,"op":3600,"st":0,"bm":0}]},{"id":"comp_1","layers":[{"ddd":0,"ind":1,"ty":4,"nm":"Stroke 61","sr":1,"ks":{"o":{"a":0,"k":100,"ix":11},"r":{"a":0,"k":0,"ix":10},"p":{"a":0,"k":[400.252,168.127,0],"ix":2},"a":{"a":0,"k":[0,0,0],"ix":1},"s":{"a":0,"k":[100,100,100],"ix":6}},"ao":0,"shapes":[{"ty":"gr","it":[{"ind":0,"ty":"sh","ix":1,"ks":{"a":0,"k":{"i":[[0,-4.79],[4.8,0],[0,4.8],[-4.79,0]],"o":[[0,4.8],[-4.79,0],[0,-4.79],[4.8,0]],"v":[[8.687,-0.003],[-0.003,8.686],[-8.683,-0.003],[-0.003,-8.684]],"c":true},"ix":2},"nm":"Path 1","mn":"ADBE Vector Shape - Group","hd":false},{"ty":"st","c":{"a":0,"k":[0.1216,0.6588,0.9098,1],"ix":3},"o":{"a":0,"k":100,"ix":4},"w":{"a":0,"k":2,"ix":5},"lc":2,"lj":2,"bm":0,"nm":"Stroke 1","mn":"ADBE Vector Graphic - Stroke","hd":false},{"ty":"tr","p":{"a":0,"k":[0,0],"ix":2},"a":{"a":0,"k":[0,0],"ix":1},"s":{"a":0,"k":[300,300],"ix":3},"r":{"a":0,"k":0,"ix":6},"o":{"a":0,"k":100,"ix":7},"sk":{"a":0,"k":0,"ix":4},"sa":{"a":0,"k":0,"ix":5},"nm":"Transform"}],"nm":"Stroke 61","np":2,"cix":2,"bm":0,"ix":1,"mn":"ADBE Vector Group","hd":false}],"ip":0,"op":3600,"st":0,"bm":0},{"ddd":0,"ind":2,"ty":4,"nm":"Fill 62","td":1,"sr":1,"ks":{"o":{"a":0,"k":100,"ix":11},"r":{"a":0,"k":0,"ix":10},"p":{"a":0,"k":[400.252,168.127,0],"ix":2},"a":{"a":0,"k":[0,0,0],"ix":1},"s":{"a":0,"k":[100,100,100],"ix":6}},"ao":0,"shapes":[{"ty":"gr","it":[{"ind":0,"ty":"sh","ix":1,"ks":{"a":0,"k":{"i":[[0,0],[4.8,0],[0,4.8],[-4.79,0],[0,-4.79]],"o":[[0,4.8],[-4.79,0],[0,-4.79],[4.8,0],[0,0]],"v":[[8.687,-0.003],[-0.003,8.686],[-8.683,-0.003],[-0.003,-8.684],[8.687,-0.003]],"c":false},"ix":2},"nm":"Path 1","mn":"ADBE Vector Shape - Group","hd":false},{"ty":"fl","c":{"a":0,"k":[0.72,0.9113,1,1],"ix":4},"o":{"a":0,"k":100,"ix":5},"r":1,"bm":0,"nm":"Fill 1","mn":"ADBE Vector Graphic - Fill","hd":false},{"ty":"tr","p":{"a":0,"k":[0,0],"ix":2},"a":{"a":0,"k":[0,0],"ix":1},"s":{"a":0,"k":[300,300],"ix":3},"r":{"a":0,"k":0,"ix":6},"o":{"a":0,"k":100,"ix":7},"sk":{"a":0,"k":0,"ix":4},"sa":{"a":0,"k":0,"ix":5},"nm":"Transform"}],"nm":"Fill 59","np":2,"cix":2,"bm":0,"ix":1,"mn":"ADBE Vector Group","hd":false}],"ip":90,"op":3600,"st":0,"bm":0},{"ddd":0,"ind":3,"ty":0,"nm":"Pre-comp 2","tt":1,"refId":"comp_2","sr":1,"ks":{"o":{"a":0,"k":100,"ix":11},"r":{"a":0,"k":0,"ix":10},"p":{"a":1,"k":[{"i":{"x":0.667,"y":1},"o":{"x":0.333,"y":0},"t":90,"s":[260,160.5,0],"to":[-6.833,0,0],"ti":[6.833,0,0]},{"t":180,"s":[219,160.5,0]}],"ix":2},"a":{"a":0,"k":[219,160.5,0],"ix":1},"s":{"a":0,"k":[100,100,100],"ix":6}},"ao":0,"w":438,"h":321,"ip":90,"op":3600,"st":0,"bm":0},{"ddd":0,"ind":4,"ty":4,"nm":"Fill 61","td":1,"sr":1,"ks":{"o":{"a":0,"k":100,"ix":11},"r":{"a":0,"k":0,"ix":10},"p":{"a":0,"k":[400.252,168.127,0],"ix":2},"a":{"a":0,"k":[0,0,0],"ix":1},"s":{"a":0,"k":[100,100,100],"ix":6}},"ao":0,"shapes":[{"ty":"gr","it":[{"ind":0,"ty":"sh","ix":1,"ks":{"a":0,"k":{"i":[[0,0],[4.8,0],[0,4.8],[-4.79,0],[0,-4.79]],"o":[[0,4.8],[-4.79,0],[0,-4.79],[4.8,0],[0,0]],"v":[[8.687,-0.003],[-0.003,8.686],[-8.683,-0.003],[-0.003,-8.684],[8.687,-0.003]],"c":false},"ix":2},"nm":"Path 1","mn":"ADBE Vector Shape - Group","hd":false},{"ty":"fl","c":{"a":0,"k":[0.72,0.9113,1,1],"ix":4},"o":{"a":0,"k":100,"ix":5},"r":1,"bm":0,"nm":"Fill 1","mn":"ADBE Vector Graphic - Fill","hd":false},{"ty":"tr","p":{"a":0,"k":[0,0],"ix":2},"a":{"a":0,"k":[0,0],"ix":1},"s":{"a":0,"k":[300,300],"ix":3},"r":{"a":0,"k":0,"ix":6},"o":{"a":0,"k":100,"ix":7},"sk":{"a":0,"k":0,"ix":4},"sa":{"a":0,"k":0,"ix":5},"nm":"Transform"}],"nm":"Fill 59","np":2,"cix":2,"bm":0,"ix":1,"mn":"ADBE Vector Group","hd":false}],"ip":0,"op":120,"st":0,"bm":0},{"ddd":0,"ind":5,"ty":0,"nm":"Pre-comp 2","tt":1,"refId":"comp_2","sr":1,"ks":{"o":{"a":0,"k":100,"ix":11},"r":{"a":0,"k":0,"ix":10},"p":{"a":1,"k":[{"i":{"x":0.667,"y":1},"o":{"x":0.333,"y":0},"t":0,"s":[219,160.5,0],"to":[-8.167,0,0],"ti":[8.167,0,0]},{"t":90,"s":[170,160.5,0]}],"ix":2},"a":{"a":0,"k":[219,160.5,0],"ix":1},"s":{"a":0,"k":[100,100,100],"ix":6}},"ao":0,"w":438,"h":321,"ip":0,"op":90,"st":0,"bm":0},{"ddd":0,"ind":6,"ty":4,"nm":"Fill 60","sr":1,"ks":{"o":{"a":0,"k":100,"ix":11},"r":{"a":0,"k":0,"ix":10},"p":{"a":0,"k":[400.252,168.127,0],"ix":2},"a":{"a":0,"k":[0,0,0],"ix":1},"s":{"a":0,"k":[100,100,100],"ix":6}},"ao":0,"shapes":[{"ty":"gr","it":[{"ind":0,"ty":"sh","ix":1,"ks":{"a":0,"k":{"i":[[0,0],[4.8,0],[0,4.8],[-4.79,0],[0,-4.79]],"o":[[0,4.8],[-4.79,0],[0,-4.79],[4.8,0],[0,0]],"v":[[8.687,-0.003],[-0.003,8.686],[-8.683,-0.003],[-0.003,-8.684],[8.687,-0.003]],"c":false},"ix":2},"nm":"Path 1","mn":"ADBE Vector Shape - Group","hd":false},{"ty":"fl","c":{"a":0,"k":[0.72,0.9113,1,1],"ix":4},"o":{"a":0,"k":100,"ix":5},"r":1,"bm":0,"nm":"Fill 1","mn":"ADBE Vector Graphic - Fill","hd":false},{"ty":"tr","p":{"a":0,"k":[0,0],"ix":2},"a":{"a":0,"k":[0,0],"ix":1},"s":{"a":0,"k":[300,300],"ix":3},"r":{"a":0,"k":0,"ix":6},"o":{"a":0,"k":100,"ix":7},"sk":{"a":0,"k":0,"ix":4},"sa":{"a":0,"k":0,"ix":5},"nm":"Transform"}],"nm":"Fill 59","np":2,"cix":2,"bm":0,"ix":1,"mn":"ADBE Vector Group","hd":false}],"ip":0,"op":3600,"st":0,"bm":0},{"ddd":0,"ind":7,"ty":4,"nm":"Fill 59","sr":1,"ks":{"o":{"a":0,"k":100,"ix":11},"r":{"a":0,"k":0,"ix":10},"p":{"a":0,"k":[400.252,168.127,0],"ix":2},"a":{"a":0,"k":[0,0,0],"ix":1},"s":{"a":0,"k":[100,100,100],"ix":6}},"ao":0,"shapes":[{"ty":"gr","it":[{"ind":0,"ty":"sh","ix":1,"ks":{"a":0,"k":{"i":[[0,0],[4.8,0],[0,4.8],[-4.79,0],[0,-4.79]],"o":[[0,4.8],[-4.79,0],[0,-4.79],[4.8,0],[0,0]],"v":[[8.687,-0.003],[-0.003,8.686],[-8.683,-0.003],[-0.003,-8.684],[8.687,-0.003]],"c":false},"ix":2},"nm":"Path 1","mn":"ADBE Vector Shape - Group","hd":false},{"ty":"fl","c":{"a":0,"k":[0.72,0.9113,1,1],"ix":4},"o":{"a":0,"k":100,"ix":5},"r":1,"bm":0,"nm":"Fill 1","mn":"ADBE Vector Graphic - Fill","hd":false},{"ty":"tr","p":{"a":0,"k":[0,0],"ix":2},"a":{"a":0,"k":[0,0],"ix":1},"s":{"a":0,"k":[300,300],"ix":3},"r":{"a":0,"k":0,"ix":6},"o":{"a":0,"k":100,"ix":7},"sk":{"a":0,"k":0,"ix":4},"sa":{"a":0,"k":0,"ix":5},"nm":"Transform"}],"nm":"Fill 59","np":2,"cix":2,"bm":0,"ix":1,"mn":"ADBE Vector Group","hd":false}],"ip":0,"op":3600,"st":0,"bm":0}]},{"id":"comp_2","layers":[{"ddd":0,"ind":1,"ty":4,"nm":"Stroke 67","sr":1,"ks":{"o":{"a":0,"k":100,"ix":11},"r":{"a":0,"k":0,"ix":10},"p":{"a":0,"k":[400.8,176.269,0],"ix":2},"a":{"a":0,"k":[0,0,0],"ix":1},"s":{"a":0,"k":[100,100,100],"ix":6}},"ao":0,"shapes":[{"ty":"gr","it":[{"ind":0,"ty":"sh","ix":1,"ks":{"a":0,"k":{"i":[[0,0],[0,0],[-1.19,0.89]],"o":[[0,0],[1.24,0.83],[0,0]],"v":[[-2.113,-0.35],[-1.943,-0.24],[2.117,-0.35]],"c":false},"ix":2},"nm":"Path 1","mn":"ADBE Vector Shape - Group","hd":false},{"ty":"st","c":{"a":0,"k":[0.1216,0.6588,0.9098,1],"ix":3},"o":{"a":0,"k":100,"ix":4},"w":{"a":0,"k":2,"ix":5},"lc":2,"lj":2,"bm":0,"nm":"Stroke 1","mn":"ADBE Vector Graphic - Stroke","hd":false},{"ty":"tr","p":{"a":0,"k":[0,0],"ix":2},"a":{"a":0,"k":[0,0],"ix":1},"s":{"a":0,"k":[300,300],"ix":3},"r":{"a":0,"k":0,"ix":6},"o":{"a":0,"k":100,"ix":7},"sk":{"a":0,"k":0,"ix":4},"sa":{"a":0,"k":0,"ix":5},"nm":"Transform"}],"nm":"Stroke 67","np":2,"cix":2,"bm":0,"ix":1,"mn":"ADBE Vector Group","hd":false}],"ip":0,"op":3600,"st":0,"bm":0},{"ddd":0,"ind":2,"ty":4,"nm":"Fill 65","sr":1,"ks":{"o":{"a":0,"k":100,"ix":11},"r":{"a":0,"k":0,"ix":10},"p":{"a":0,"k":[409.05,162.459,0],"ix":2},"a":{"a":0,"k":[0,0,0],"ix":1},"s":{"a":0,"k":[100,100,100],"ix":6}},"ao":0,"shapes":[{"ty":"gr","it":[{"ind":0,"ty":"sh","ix":1,"ks":{"a":0,"k":{"i":[[0,0],[0.7,0],[0,0.71],[-0.71,0],[0,-0.7]],"o":[[0,0.71],[-0.71,0],[0,-0.7],[0.7,0],[0,0]],"v":[[1.275,-0.004],[0.005,1.276],[-1.275,-0.004],[0.005,-1.274],[1.275,-0.004]],"c":false},"ix":2},"nm":"Path 1","mn":"ADBE Vector Shape - Group","hd":false},{"ty":"fl","c":{"a":0,"k":[0.1216,0.6588,0.9098,1],"ix":4},"o":{"a":0,"k":100,"ix":5},"r":1,"bm":0,"nm":"Fill 1","mn":"ADBE Vector Graphic - Fill","hd":false},{"ty":"tr","p":{"a":0,"k":[0,0],"ix":2},"a":{"a":0,"k":[0,0],"ix":1},"s":{"a":0,"k":[300,300],"ix":3},"r":{"a":0,"k":0,"ix":6},"o":{"a":0,"k":100,"ix":7},"sk":{"a":0,"k":0,"ix":4},"sa":{"a":0,"k":0,"ix":5},"nm":"Transform"}],"nm":"Fill 65","np":2,"cix":2,"bm":0,"ix":1,"mn":"ADBE Vector Group","hd":false}],"ip":0,"op":3600,"st":0,"bm":0},{"ddd":0,"ind":3,"ty":4,"nm":"Fill 63","sr":1,"ks":{"o":{"a":0,"k":100,"ix":11},"r":{"a":0,"k":0,"ix":10},"p":{"a":0,"k":[392.55,162.459,0],"ix":2},"a":{"a":0,"k":[0,0,0],"ix":1},"s":{"a":0,"k":[100,100,100],"ix":6}},"ao":0,"shapes":[{"ty":"gr","it":[{"ind":0,"ty":"sh","ix":1,"ks":{"a":0,"k":{"i":[[0,0],[0.7,0],[0,0.71],[-0.71,0],[0,-0.7]],"o":[[0,0.71],[-0.71,0],[0,-0.7],[0.7,0],[0,0]],"v":[[1.275,-0.004],[0.005,1.276],[-1.275,-0.004],[0.005,-1.274],[1.275,-0.004]],"c":false},"ix":2},"nm":"Path 1","mn":"ADBE Vector Shape - Group","hd":false},{"ty":"fl","c":{"a":0,"k":[0.1216,0.6588,0.9098,1],"ix":4},"o":{"a":0,"k":100,"ix":5},"r":1,"bm":0,"nm":"Fill 1","mn":"ADBE Vector Graphic - Fill","hd":false},{"ty":"tr","p":{"a":0,"k":[0,0],"ix":2},"a":{"a":0,"k":[0,0],"ix":1},"s":{"a":0,"k":[300,300],"ix":3},"r":{"a":0,"k":0,"ix":6},"o":{"a":0,"k":100,"ix":7},"sk":{"a":0,"k":0,"ix":4},"sa":{"a":0,"k":0,"ix":5},"nm":"Transform"}],"nm":"Fill 63","np":2,"cix":2,"bm":0,"ix":1,"mn":"ADBE Vector Group","hd":false}],"ip":0,"op":3600,"st":0,"bm":0}]},{"id":"comp_3","layers":[{"ddd":0,"ind":1,"ty":4,"nm":"Stroke 73","sr":1,"ks":{"o":{"a":0,"k":100,"ix":11},"r":{"a":0,"k":0,"ix":10},"p":{"a":0,"k":[246.798,176.129,0],"ix":2},"a":{"a":0,"k":[0,0,0],"ix":1},"s":{"a":0,"k":[100,100,100],"ix":6}},"ao":0,"shapes":[{"ty":"gr","it":[{"ind":0,"ty":"sh","ix":1,"ks":{"a":0,"k":{"i":[[0,0],[0,0],[-2.23,1.69]],"o":[[0,0],[2.33,1.55],[0,0]],"v":[[-3.971,-0.664],[-3.65,-0.444],[3.969,-0.664]],"c":false},"ix":2},"nm":"Path 1","mn":"ADBE Vector Shape - Group","hd":false},{"ty":"st","c":{"a":0,"k":[0.1216,0.6588,0.9098,1],"ix":3},"o":{"a":0,"k":100,"ix":4},"w":{"a":0,"k":2,"ix":5},"lc":2,"lj":2,"bm":0,"nm":"Stroke 1","mn":"ADBE Vector Graphic - Stroke","hd":false},{"ty":"tr","p":{"a":0,"k":[0,0],"ix":2},"a":{"a":0,"k":[0,0],"ix":1},"s":{"a":0,"k":[300,300],"ix":3},"r":{"a":0,"k":0,"ix":6},"o":{"a":0,"k":100,"ix":7},"sk":{"a":0,"k":0,"ix":4},"sa":{"a":0,"k":0,"ix":5},"nm":"Transform"}],"nm":"Stroke 73","np":2,"cix":2,"bm":0,"ix":1,"mn":"ADBE Vector Group","hd":false}],"ip":0,"op":3600,"st":0,"bm":0},{"ddd":0,"ind":2,"ty":4,"nm":"Fill 71","sr":1,"ks":{"o":{"a":0,"k":100,"ix":11},"r":{"a":0,"k":0,"ix":10},"p":{"a":0,"k":[262.301,150.174,0],"ix":2},"a":{"a":0,"k":[0,0,0],"ix":1},"s":{"a":1,"k":[{"i":{"x":[0.667,0.667,0.667],"y":[1,1,1]},"o":{"x":[0.333,0.333,0.333],"y":[0,0,0]},"t":42,"s":[100,100,100]},{"i":{"x":[0.667,0.667,0.667],"y":[1,1,1]},"o":{"x":[0.333,0.333,0.333],"y":[0,0,0]},"t":52,"s":[100,25,100]},{"i":{"x":[0.667,0.667,0.667],"y":[1,1,1]},"o":{"x":[0.333,0.333,0.333],"y":[0,0,0]},"t":62,"s":[100,100,100]},{"i":{"x":[0.667,0.667,0.667],"y":[1,1,1]},"o":{"x":[0.333,0.333,0.333],"y":[0,0,0]},"t":88,"s":[100,100,100]},{"i":{"x":[0.667,0.667,0.667],"y":[1,1,1]},"o":{"x":[0.333,0.333,0.333],"y":[0,0,0]},"t":98,"s":[100,25,100]},{"i":{"x":[0.667,0.667,0.667],"y":[1,1,1]},"o":{"x":[0.167,0.167,0.167],"y":[0,0,0]},"t":108,"s":[100,100,100]},{"i":{"x":[0.667,0.667,0.667],"y":[1,1,1]},"o":{"x":[0.333,0.333,0.333],"y":[0,0,0]},"t":146,"s":[100,100,100]},{"i":{"x":[0.667,0.667,0.667],"y":[1,1,1]},"o":{"x":[0.333,0.333,0.333],"y":[0,0,0]},"t":156,"s":[100,25,100]},{"t":166,"s":[100,100,100]}],"ix":6}},"ao":0,"shapes":[{"ty":"gr","it":[{"ind":0,"ty":"sh","ix":1,"ks":{"a":0,"k":{"i":[[0,0],[1.32,0],[0,1.32],[-1.33,0],[0,-1.33]],"o":[[0,1.32],[-1.33,0],[0,-1.33],[1.32,0],[0,0]],"v":[[2.395,0.005],[0.005,2.395],[-2.395,0.005],[0.005,-2.395],[2.395,0.005]],"c":false},"ix":2},"nm":"Path 1","mn":"ADBE Vector Shape - Group","hd":false},{"ty":"fl","c":{"a":0,"k":[0.1216,0.6588,0.9098,1],"ix":4},"o":{"a":0,"k":100,"ix":5},"r":1,"bm":0,"nm":"Fill 1","mn":"ADBE Vector Graphic - Fill","hd":false},{"ty":"tr","p":{"a":0,"k":[0,0],"ix":2},"a":{"a":0,"k":[0,0],"ix":1},"s":{"a":0,"k":[300,300],"ix":3},"r":{"a":0,"k":0,"ix":6},"o":{"a":0,"k":100,"ix":7},"sk":{"a":0,"k":0,"ix":4},"sa":{"a":0,"k":0,"ix":5},"nm":"Transform"}],"nm":"Fill 71","np":2,"cix":2,"bm":0,"ix":1,"mn":"ADBE Vector Group","hd":false}],"ip":0,"op":3600,"st":0,"bm":0},{"ddd":0,"ind":3,"ty":4,"nm":"Fill 69","sr":1,"ks":{"o":{"a":0,"k":100,"ix":11},"r":{"a":0,"k":0,"ix":10},"p":{"a":0,"k":[231.295,150.174,0],"ix":2},"a":{"a":0,"k":[0,0,0],"ix":1},"s":{"a":1,"k":[{"i":{"x":[0.667,0.667,0.667],"y":[1,1,1]},"o":{"x":[0.333,0.333,0.333],"y":[0,0,0]},"t":42,"s":[100,100,100]},{"i":{"x":[0.667,0.667,0.667],"y":[1,1,1]},"o":{"x":[0.333,0.333,0.333],"y":[0,0,0]},"t":52,"s":[100,25,100]},{"i":{"x":[0.667,0.667,0.667],"y":[1,1,1]},"o":{"x":[0.333,0.333,0.333],"y":[0,0,0]},"t":62,"s":[100,100,100]},{"i":{"x":[0.667,0.667,0.667],"y":[1,1,1]},"o":{"x":[0.333,0.333,0.333],"y":[0,0,0]},"t":88,"s":[100,100,100]},{"i":{"x":[0.667,0.667,0.667],"y":[1,1,1]},"o":{"x":[0.333,0.333,0.333],"y":[0,0,0]},"t":98,"s":[100,25,100]},{"i":{"x":[0.667,0.667,0.667],"y":[1,1,1]},"o":{"x":[0.167,0.167,0.167],"y":[0,0,0]},"t":108,"s":[100,100,100]},{"i":{"x":[0.667,0.667,0.667],"y":[1,1,1]},"o":{"x":[0.333,0.333,0.333],"y":[0,0,0]},"t":146,"s":[100,100,100]},{"i":{"x":[0.667,0.667,0.667],"y":[1,1,1]},"o":{"x":[0.333,0.333,0.333],"y":[0,0,0]},"t":156,"s":[100,25,100]},{"t":166,"s":[100,100,100]}],"ix":6}},"ao":0,"shapes":[{"ty":"gr","it":[{"ind":0,"ty":"sh","ix":1,"ks":{"a":0,"k":{"i":[[0,0],[1.33,0],[0,1.32],[-1.32,0],[0,-1.33]],"o":[[0,1.32],[-1.32,0],[0,-1.33],[1.33,0],[0,0]],"v":[[2.395,0.005],[-0.005,2.395],[-2.395,0.005],[-0.005,-2.395],[2.395,0.005]],"c":false},"ix":2},"nm":"Path 1","mn":"ADBE Vector Shape - Group","hd":false},{"ty":"fl","c":{"a":0,"k":[0.1216,0.6588,0.9098,1],"ix":4},"o":{"a":0,"k":100,"ix":5},"r":1,"bm":0,"nm":"Fill 1","mn":"ADBE Vector Graphic - Fill","hd":false},{"ty":"tr","p":{"a":0,"k":[0,0],"ix":2},"a":{"a":0,"k":[0,0],"ix":1},"s":{"a":0,"k":[300,300],"ix":3},"r":{"a":0,"k":0,"ix":6},"o":{"a":0,"k":100,"ix":7},"sk":{"a":0,"k":0,"ix":4},"sa":{"a":0,"k":0,"ix":5},"nm":"Transform"}],"nm":"Fill 69","np":2,"cix":2,"bm":0,"ix":1,"mn":"ADBE Vector Group","hd":false}],"ip":0,"op":3600,"st":0,"bm":0}]},{"id":"comp_4","layers":[{"ddd":0,"ind":1,"ty":4,"nm":"Fill 70","sr":1,"ks":{"o":{"a":0,"k":100,"ix":11},"r":{"a":0,"k":0,"ix":10},"p":{"a":0,"k":[175.055,94.117,0],"ix":2},"a":{"a":0,"k":[0,0,0],"ix":1},"s":{"a":0,"k":[100,100,100],"ix":6}},"ao":0,"shapes":[{"ty":"gr","it":[{"ind":0,"ty":"sh","ix":1,"ks":{"a":0,"k":{"i":[[0,0],[0,0],[-0.29,-0.17],[0,0],[-0.16,0],[0,0],[-0.17,-0.13],[0,0],[0,-0.28],[0,0],[-0.52,0],[0,0.52],[0,0],[0.26,0.18],[0,0],[0.19,0],[0,0],[0,-0.52]],"o":[[0,0],[0,0.34],[0,0],[0.14,0.08],[0,0],[0.22,0],[0,0],[0.22,0.17],[0,0],[0,0.52],[0.52,0],[0,0],[0,-0.31],[0,0],[-0.16,-0.1],[0,0],[-0.52,0],[0,0]],"v":[[-4.351,-2.026],[-4.351,-1.766],[-3.881,-0.946],[-3.481,-0.716],[-3.011,-0.586],[0.019,-0.586],[0.629,-0.376],[2.119,0.874],[2.469,1.594],[2.469,2.024],[3.409,2.964],[4.349,2.024],[4.349,0.494],[3.939,-0.286],[0.239,-2.806],[-0.291,-2.966],[-3.411,-2.966],[-4.351,-2.026]],"c":false},"ix":2},"nm":"Path 1","mn":"ADBE Vector Shape - Group","hd":false},{"ty":"fl","c":{"a":0,"k":[0.72,0.9113,1,1],"ix":4},"o":{"a":0,"k":100,"ix":5},"r":1,"bm":0,"nm":"Fill 1","mn":"ADBE Vector Graphic - Fill","hd":false},{"ty":"tr","p":{"a":0,"k":[0,0],"ix":2},"a":{"a":0,"k":[0,0],"ix":1},"s":{"a":0,"k":[300,300],"ix":3},"r":{"a":0,"k":0,"ix":6},"o":{"a":0,"k":100,"ix":7},"sk":{"a":0,"k":0,"ix":4},"sa":{"a":0,"k":0,"ix":5},"nm":"Transform"}],"nm":"Fill 57","np":2,"cix":2,"bm":0,"ix":1,"mn":"ADBE Vector Group","hd":false}],"ip":0,"op":3600,"st":0,"bm":0},{"ddd":0,"ind":2,"ty":4,"nm":"Fill 69","sr":1,"ks":{"o":{"a":0,"k":100,"ix":11},"r":{"a":0,"k":0,"ix":10},"p":{"a":0,"k":[213.887,85.219,0],"ix":2},"a":{"a":0,"k":[0,0,0],"ix":1},"s":{"a":0,"k":[100,100,100],"ix":6}},"ao":0,"shapes":[{"ty":"gr","it":[{"ind":0,"ty":"sh","ix":1,"ks":{"a":0,"k":{"i":[[0,0],[0,0],[-0.41,-0.22],[0,0],[0,-0.46],[0,0],[-0.39,-0.23],[0,0],[0,-0.46],[0,0],[-0.7,0],[0,0.7],[0,0],[-0.7,0],[0,0],[-0.23,0.2],[0,0],[0,0.38],[0,0],[0.12,0.2],[0,0],[0.44,0],[0,0],[0.2,-0.12],[0,0],[0,-0.44]],"o":[[0,0],[0,0.47],[0,0],[0.41,0.22],[0,0],[0,0.45],[0,0],[0.39,0.22],[0,0],[0,0.7],[0.71,0],[0,0],[0,-0.7],[0,0],[0.3,0],[0,0],[0.28,-0.24],[0,0],[0,-0.23],[0,0],[-0.23,-0.38],[0,0],[-0.23,0],[0,0],[-0.38,0.23],[0,0]],"v":[[-8.085,-4.62],[-8.085,-3.311],[-7.425,-2.191],[-4.615,-0.661],[-3.955,0.449],[-3.955,2.01],[-3.315,3.109],[-3.065,3.249],[-2.425,4.35],[-2.425,7.299],[-1.165,8.57],[0.105,7.299],[0.105,6.549],[1.375,5.279],[2.255,5.279],[3.075,4.98],[7.635,1.16],[8.085,0.189],[8.085,-4.98],[7.905,-5.63],[6.495,-7.96],[5.415,-8.57],[-2.365,-8.57],[-3.025,-8.391],[-7.475,-5.701],[-8.085,-4.62]],"c":false},"ix":2},"nm":"Path 1","mn":"ADBE Vector Shape - Group","hd":false},{"ty":"fl","c":{"a":0,"k":[0.72,0.9113,1,1],"ix":4},"o":{"a":0,"k":100,"ix":5},"r":1,"bm":0,"nm":"Fill 1","mn":"ADBE Vector Graphic - Fill","hd":false},{"ty":"tr","p":{"a":0,"k":[0,0],"ix":2},"a":{"a":0,"k":[0,0],"ix":1},"s":{"a":0,"k":[300,300],"ix":3},"r":{"a":0,"k":0,"ix":6},"o":{"a":0,"k":100,"ix":7},"sk":{"a":0,"k":0,"ix":4},"sa":{"a":0,"k":0,"ix":5},"nm":"Transform"}],"nm":"Fill 55","np":2,"cix":2,"bm":0,"ix":1,"mn":"ADBE Vector Group","hd":false}],"ip":0,"op":3600,"st":0,"bm":0},{"ddd":0,"ind":3,"ty":4,"nm":"Fill 68","sr":1,"ks":{"o":{"a":0,"k":100,"ix":11},"r":{"a":0,"k":0,"ix":10},"p":{"a":0,"k":[175.949,69.241,0],"ix":2},"a":{"a":0,"k":[0,0,0],"ix":1},"s":{"a":0,"k":[100,100,100],"ix":6}},"ao":0,"shapes":[{"ty":"gr","it":[{"ind":0,"ty":"sh","ix":1,"ks":{"a":0,"k":{"i":[[0,0],[0,0],[0.2,0],[0,0],[0,0.45],[0,0],[-0.24,0.14],[0,0],[0.81,0.02],[0,0.44],[0,0],[-0.44,0.01],[0,0],[0.56,-0.49]],"o":[[0,0],[-0.15,0.13],[0,0],[-0.45,0],[0,0],[0,-0.29],[0,0],[0.69,-0.42],[-0.44,-0.01],[0,0],[0,-0.44],[0,0],[0.75,0],[0,0]],"v":[[3.647,-1.354],[-0.863,2.576],[-1.403,2.776],[-3.113,2.776],[-3.923,1.966],[-3.923,1.636],[-3.533,0.946],[-2.723,0.446],[-3.133,-1.054],[-3.923,-1.864],[-3.923,-1.934],[-3.123,-2.744],[3.107,-2.774],[3.647,-1.354]],"c":false},"ix":2},"nm":"Path 1","mn":"ADBE Vector Shape - Group","hd":false},{"ty":"fl","c":{"a":0,"k":[0.72,0.9113,1,1],"ix":4},"o":{"a":0,"k":100,"ix":5},"r":1,"bm":0,"nm":"Fill 1","mn":"ADBE Vector Graphic - Fill","hd":false},{"ty":"tr","p":{"a":0,"k":[0,0],"ix":2},"a":{"a":0,"k":[0,0],"ix":1},"s":{"a":0,"k":[300,300],"ix":3},"r":{"a":0,"k":0,"ix":6},"o":{"a":0,"k":100,"ix":7},"sk":{"a":0,"k":0,"ix":4},"sa":{"a":0,"k":0,"ix":5},"nm":"Transform"}],"nm":"Fill 53","np":2,"cix":2,"bm":0,"ix":1,"mn":"ADBE Vector Group","hd":false}],"ip":0,"op":3600,"st":0,"bm":0},{"ddd":0,"ind":4,"ty":4,"nm":"Fill 67","sr":1,"ks":{"o":{"a":0,"k":100,"ix":11},"r":{"a":0,"k":0,"ix":10},"p":{"a":0,"k":[392.325,196.124,0],"ix":2},"a":{"a":0,"k":[0,0,0],"ix":1},"s":{"a":0,"k":[100,100,100],"ix":6}},"ao":0,"shapes":[{"ty":"gr","it":[{"ind":0,"ty":"sh","ix":1,"ks":{"a":0,"k":{"i":[[0,0],[0,0],[0,0],[0,0],[0,0],[0,0]],"o":[[0,0],[0,0],[0,0],[0,0],[0,0],[0,0]],"v":[[-0.671,-0.503],[-0.521,1.417],[-0.161,1.126],[-0.161,-0.113],[0.669,-0.833],[0.379,-1.413]],"c":true},"ix":2},"nm":"Path 1","mn":"ADBE Vector Shape - Group","hd":false},{"ty":"fl","c":{"a":0,"k":[0.72,0.9113,1,1],"ix":4},"o":{"a":0,"k":100,"ix":5},"r":1,"bm":0,"nm":"Fill 1","mn":"ADBE Vector Graphic - Fill","hd":false},{"ty":"tr","p":{"a":0,"k":[0,0],"ix":2},"a":{"a":0,"k":[0,0],"ix":1},"s":{"a":0,"k":[300,300],"ix":3},"r":{"a":0,"k":0,"ix":6},"o":{"a":0,"k":100,"ix":7},"sk":{"a":0,"k":0,"ix":4},"sa":{"a":0,"k":0,"ix":5},"nm":"Transform"}],"nm":"Fill 51","np":2,"cix":2,"bm":0,"ix":1,"mn":"ADBE Vector Group","hd":false}],"ip":0,"op":3600,"st":0,"bm":0},{"ddd":0,"ind":5,"ty":4,"nm":"Fill 66","sr":1,"ks":{"o":{"a":0,"k":100,"ix":11},"r":{"a":0,"k":0,"ix":10},"p":{"a":0,"k":[381.668,201.706,0],"ix":2},"a":{"a":0,"k":[0,0,0],"ix":1},"s":{"a":0,"k":[100,100,100],"ix":6}},"ao":0,"shapes":[{"ty":"gr","it":[{"ind":0,"ty":"sh","ix":1,"ks":{"a":0,"k":{"i":[[0,0],[0,0],[-0.13,-0.05],[0,0],[-0.04,0],[0,0],[0,0.18],[0.18,0.01],[0,0],[0,-0.19]],"o":[[0,0],[0,0.14],[0,0],[0.04,0.02],[0,0],[0.19,0],[0,-0.18],[0,0],[-0.19,-0.02],[0,0]],"v":[[-1.613,-0.09],[-1.613,-0.03],[-1.393,0.29],[-1.094,0.4],[-0.973,0.42],[1.277,0.42],[1.617,0.09],[1.296,-0.25],[-1.253,-0.42],[-1.613,-0.09]],"c":false},"ix":2},"nm":"Path 1","mn":"ADBE Vector Shape - Group","hd":false},{"ty":"fl","c":{"a":0,"k":[0.72,0.9113,1,1],"ix":4},"o":{"a":0,"k":100,"ix":5},"r":1,"bm":0,"nm":"Fill 1","mn":"ADBE Vector Graphic - Fill","hd":false},{"ty":"tr","p":{"a":0,"k":[0,0],"ix":2},"a":{"a":0,"k":[0,0],"ix":1},"s":{"a":0,"k":[300,300],"ix":3},"r":{"a":0,"k":0,"ix":6},"o":{"a":0,"k":100,"ix":7},"sk":{"a":0,"k":0,"ix":4},"sa":{"a":0,"k":0,"ix":5},"nm":"Transform"}],"nm":"Fill 49","np":2,"cix":2,"bm":0,"ix":1,"mn":"ADBE Vector Group","hd":false}],"ip":0,"op":3600,"st":0,"bm":0},{"ddd":0,"ind":6,"ty":4,"nm":"Fill 65","sr":1,"ks":{"o":{"a":0,"k":100,"ix":11},"r":{"a":0,"k":0,"ix":10},"p":{"a":0,"k":[404.779,225.058,0],"ix":2},"a":{"a":0,"k":[0,0,0],"ix":1},"s":{"a":0,"k":[100,100,100],"ix":6}},"ao":0,"shapes":[{"ty":"gr","it":[{"ind":0,"ty":"sh","ix":1,"ks":{"a":0,"k":{"i":[[0,0],[0,0],[-0.27,0],[0,0],[-0.07,0.04],[0,0],[-0.09,0],[0,0],[-0.07,-0.03],[0,0],[0,-0.2],[0,0],[-0.12,-0.09],[0,0],[-0.11,0],[0,0],[-0.09,0.15],[0,0],[0,0.09],[0,0],[0.07,0.09],[0,0],[0,0.12],[0,0],[0.16,0.09],[0,0],[0.01,-0.38],[0,0],[0.29,0.02],[0,0],[0.08,0.15],[0,0],[0.19,0],[0,0],[0.09,-0.09],[0,0],[0,-0.14],[0.26,-0.02],[0,0],[0.08,-0.07],[0,0],[0,-0.15]],"o":[[0,0],[0,0.28],[0,0],[0.08,0],[0,0],[0.08,-0.04],[0,0],[0.07,0],[0,0],[0.17,0.09],[0,0],[0,0.15],[0,0],[0.09,0.07],[0,0],[0.18,0],[0,0],[0.04,-0.08],[0,0],[0,-0.11],[0,0],[-0.07,-0.09],[0,0],[0.01,-0.19],[0,0],[-0.33,-0.19],[0,0],[-0.01,0.29],[0,0],[-0.17,-0.02],[0,0],[-0.09,-0.17],[0,0],[-0.13,0],[0,0],[-0.11,0.1],[0,0.26],[0,0],[-0.1,0],[0,0],[-0.12,0.1],[0,0]],"v":[[-7.178,-0.523],[-7.178,3.227],[-6.678,3.736],[-5.458,3.736],[-5.219,3.667],[-3.378,2.637],[-3.128,2.577],[0.611,2.607],[0.831,2.656],[1.842,3.156],[2.122,3.617],[2.122,3.926],[2.311,4.316],[3.781,5.477],[4.092,5.587],[5.152,5.587],[5.581,5.337],[7.111,2.727],[7.182,2.477],[7.182,0.247],[7.072,-0.064],[4.391,-3.413],[4.281,-3.743],[4.301,-4.484],[4.051,-4.934],[4.021,-4.954],[3.271,-4.533],[3.242,-3.833],[2.702,-3.344],[2.161,-3.383],[1.762,-3.654],[0.872,-5.314],[0.421,-5.583],[-0.449,-5.583],[-0.798,-5.443],[-1.288,-4.973],[-1.449,-4.604],[-1.919,-4.104],[-2.958,-4.033],[-3.238,-3.923],[-6.988,-0.913],[-7.178,-0.523]],"c":false},"ix":2},"nm":"Path 1","mn":"ADBE Vector Shape - Group","hd":false},{"ty":"fl","c":{"a":0,"k":[0.72,0.9113,1,1],"ix":4},"o":{"a":0,"k":100,"ix":5},"r":1,"bm":0,"nm":"Fill 1","mn":"ADBE Vector Graphic - Fill","hd":false},{"ty":"tr","p":{"a":0,"k":[0,0],"ix":2},"a":{"a":0,"k":[0,0],"ix":1},"s":{"a":0,"k":[300,300],"ix":3},"r":{"a":0,"k":0,"ix":6},"o":{"a":0,"k":100,"ix":7},"sk":{"a":0,"k":0,"ix":4},"sa":{"a":0,"k":0,"ix":5},"nm":"Transform"}],"nm":"Fill 47","np":2,"cix":2,"bm":0,"ix":1,"mn":"ADBE Vector Group","hd":false}],"ip":0,"op":3600,"st":0,"bm":0},{"ddd":0,"ind":7,"ty":4,"nm":"Fill 64","sr":1,"ks":{"o":{"a":0,"k":100,"ix":11},"r":{"a":0,"k":0,"ix":10},"p":{"a":0,"k":[411.142,198.789,0],"ix":2},"a":{"a":0,"k":[0,0,0],"ix":1},"s":{"a":0,"k":[100,100,100],"ix":6}},"ao":0,"shapes":[{"ty":"gr","it":[{"ind":0,"ty":"sh","ix":1,"ks":{"a":0,"k":{"i":[[0,0],[0,0],[0,0],[0,0],[0,0],[0,0],[0,0],[0,0],[0,0],[0,0],[0,0],[0,0],[0,0],[0,0],[0,0]],"o":[[0,0],[0,0],[0,0],[0,0],[0,0],[0,0],[0,0],[0,0],[0,0],[0,0],[0,0],[0,0],[0,0],[0,0],[0,0]],"v":[[-2.773,-1.396],[-2.773,-1.036],[-2.154,-0.166],[-1.393,-0.166],[-0.014,0.674],[-0.014,1.394],[1.577,1.394],[1.867,1.074],[2.777,0.994],[2.777,0.524],[-0.003,-1.066],[-0.594,-1.066],[-0.923,-0.816],[-1.574,-0.816],[-1.544,-1.396]],"c":true},"ix":2},"nm":"Path 1","mn":"ADBE Vector Shape - Group","hd":false},{"ty":"fl","c":{"a":0,"k":[0.72,0.9113,1,1],"ix":4},"o":{"a":0,"k":100,"ix":5},"r":1,"bm":0,"nm":"Fill 1","mn":"ADBE Vector Graphic - Fill","hd":false},{"ty":"tr","p":{"a":0,"k":[0,0],"ix":2},"a":{"a":0,"k":[0,0],"ix":1},"s":{"a":0,"k":[300,300],"ix":3},"r":{"a":0,"k":0,"ix":6},"o":{"a":0,"k":100,"ix":7},"sk":{"a":0,"k":0,"ix":4},"sa":{"a":0,"k":0,"ix":5},"nm":"Transform"}],"nm":"Fill 45","np":2,"cix":2,"bm":0,"ix":1,"mn":"ADBE Vector Group","hd":false}],"ip":0,"op":3600,"st":0,"bm":0},{"ddd":0,"ind":8,"ty":4,"nm":"Fill 63","sr":1,"ks":{"o":{"a":0,"k":100,"ix":11},"r":{"a":0,"k":0,"ix":10},"p":{"a":0,"k":[382.589,191.881,0],"ix":2},"a":{"a":0,"k":[0,0,0],"ix":1},"s":{"a":0,"k":[100,100,100],"ix":6}},"ao":0,"shapes":[{"ty":"gr","it":[{"ind":0,"ty":"sh","ix":1,"ks":{"a":0,"k":{"i":[[0,0],[0,0],[0,0],[0,0],[0,0],[0,0],[0,0]],"o":[[0,0],[0,0],[0,0],[0,0],[0,0],[0,0],[0,0]],"v":[[-1.704,0.149],[-1.704,0.739],[-0.764,1.739],[1.056,1.739],[1.706,0.329],[1.706,-1.741],[0.906,-1.741]],"c":true},"ix":2},"nm":"Path 1","mn":"ADBE Vector Shape - Group","hd":false},{"ty":"fl","c":{"a":0,"k":[0.72,0.9113,1,1],"ix":4},"o":{"a":0,"k":100,"ix":5},"r":1,"bm":0,"nm":"Fill 1","mn":"ADBE Vector Graphic - Fill","hd":false},{"ty":"tr","p":{"a":0,"k":[0,0],"ix":2},"a":{"a":0,"k":[0,0],"ix":1},"s":{"a":0,"k":[300,300],"ix":3},"r":{"a":0,"k":0,"ix":6},"o":{"a":0,"k":100,"ix":7},"sk":{"a":0,"k":0,"ix":4},"sa":{"a":0,"k":0,"ix":5},"nm":"Transform"}],"nm":"Fill 43","np":2,"cix":2,"bm":0,"ix":1,"mn":"ADBE Vector Group","hd":false}],"ip":0,"op":3600,"st":0,"bm":0},{"ddd":0,"ind":9,"ty":4,"nm":"Fill 62","sr":1,"ks":{"o":{"a":0,"k":100,"ix":11},"r":{"a":0,"k":0,"ix":10},"p":{"a":0,"k":[369.484,194.111,0],"ix":2},"a":{"a":0,"k":[0,0,0],"ix":1},"s":{"a":0,"k":[100,100,100],"ix":6}},"ao":0,"shapes":[{"ty":"gr","it":[{"ind":0,"ty":"sh","ix":1,"ks":{"a":0,"k":{"i":[[0,0],[0,0],[0,0],[0,0],[0,0]],"o":[[0,0],[0,0],[0,0],[0,0],[0,0]],"v":[[-1.794,-2.085],[-1.174,-2.085],[1.796,0.855],[1.796,2.085],[1.066,2.085]],"c":true},"ix":2},"nm":"Path 1","mn":"ADBE Vector Shape - Group","hd":false},{"ty":"fl","c":{"a":0,"k":[0.72,0.9113,1,1],"ix":4},"o":{"a":0,"k":100,"ix":5},"r":1,"bm":0,"nm":"Fill 1","mn":"ADBE Vector Graphic - Fill","hd":false},{"ty":"tr","p":{"a":0,"k":[0,0],"ix":2},"a":{"a":0,"k":[0,0],"ix":1},"s":{"a":0,"k":[300,300],"ix":3},"r":{"a":0,"k":0,"ix":6},"o":{"a":0,"k":100,"ix":7},"sk":{"a":0,"k":0,"ix":4},"sa":{"a":0,"k":0,"ix":5},"nm":"Transform"}],"nm":"Fill 41","np":2,"cix":2,"bm":0,"ix":1,"mn":"ADBE Vector Group","hd":false}],"ip":0,"op":3600,"st":0,"bm":0},{"ddd":0,"ind":10,"ty":4,"nm":"Fill 61","sr":1,"ks":{"o":{"a":0,"k":100,"ix":11},"r":{"a":0,"k":0,"ix":10},"p":{"a":0,"k":[356.27,130.861,0],"ix":2},"a":{"a":0,"k":[0,0,0],"ix":1},"s":{"a":0,"k":[100,100,100],"ix":6}},"ao":0,"shapes":[{"ty":"gr","it":[{"ind":0,"ty":"sh","ix":1,"ks":{"a":0,"k":{"i":[[0,0],[0,0],[-0.07,0.06],[0,0],[0,0.12],[0,0],[-0.22,0],[0,0],[-0.07,-0.07],[0,0],[0,-0.11],[0,0],[-0.02,-0.06],[0,0],[-0.2,0.12],[0,0],[0,0.14],[0,0],[-0.09,0.08],[0,0],[-0.09,0],[0,0],[-0.08,-0.1],[0,0],[0,-0.09],[0,0],[-0.22,0],[0,0.22],[0,0],[-0.27,-0.21],[0,0],[-0.15,0.12],[0,0],[0,0.12],[0,0],[-0.21,0.02],[0,0],[-0.07,0.11],[0,0],[0,0.07],[0,0],[-0.22,0],[0,0],[-0.07,0.08],[0,0],[0,0.1],[0,0],[0.22,0],[0,0],[-0.23,0.25],[0,0],[-0.11,0],[0,0],[-0.07,0.07],[0,0],[-0.1,0],[0,0],[0.28,-0.24],[0,0],[-0.01,-0.12],[0,0],[-0.25,0.27],[0,0],[-0.12,0],[0,0],[-0.06,0.04],[0,0],[0,0.14],[0,0],[0.22,0],[0,0],[0.07,0.05],[0,0],[0.09,0],[0,0],[0.07,0.09],[0,0],[0.12,0],[0,0],[-0.28,0.24],[0,0],[0.21,0.15],[0,0],[0.09,0],[0,0],[0.05,-0.02],[0,0],[0,-0.16],[0,0],[0.22,0],[0,0],[0.05,-0.01],[0,0],[-0.01,0.28],[-0.01,0],[0.16,0.06],[0,0],[0.1,-0.05],[0,0],[0.04,-0.08],[0,0],[0,-0.08],[0,0],[0.12,-0.08],[0,0],[0,-0.13],[0,0],[-0.22,0],[0,0],[-0.06,0.04],[0,0],[-0.12,-0.07],[0,0],[-0.01,-0.14],[0,0],[-0.22,0.01],[0,0],[-0.08,-0.12],[0,0],[-0.14,0]],"o":[[0,0],[0.1,0],[0,0],[0.09,-0.07],[0,0],[0,-0.21],[0,0],[0.1,-0.01],[0,0],[0.08,0.07],[0,0],[0,0.06],[0,0],[0.1,0.21],[0,0],[0.11,-0.07],[0,0],[0,-0.11],[0,0],[0.07,-0.06],[0,0],[0.13,0],[0,0],[0.05,0.07],[0,0],[0,0.22],[0.22,0],[0,0],[0,-0.34],[0,0],[0.15,0.12],[0,0],[0.09,-0.08],[0,0],[0,-0.21],[0,0],[0.13,-0.01],[0,0],[0.04,-0.06],[0,0],[0,-0.22],[0,0],[0.11,0],[0,0],[0.07,-0.08],[0,0],[0,-0.22],[0,0],[-0.35,0],[0,0],[0.07,-0.08],[0,0],[0.1,0],[0,0],[0.07,-0.07],[0,0],[0.37,0],[0,0],[-0.09,0.08],[0,0],[0.01,0.36],[0,0],[0.07,-0.09],[0,0],[0.08,0],[0,0],[0.11,-0.08],[0,0],[0,-0.22],[0,0],[-0.09,0],[0,0],[-0.07,-0.05],[0,0],[-0.12,0],[0,0],[-0.08,-0.09],[0,0],[-0.37,0],[0,0],[0.2,-0.17],[0,0],[-0.07,-0.05],[0,0],[-0.05,0],[0,0],[-0.15,0.07],[0,0],[0,0.22],[0,0],[-0.05,0],[0,0],[-0.26,0.1],[-0.01,0],[-0.01,-0.17],[0,0],[-0.1,-0.03],[0,0],[-0.08,0.04],[0,0],[-0.04,0.06],[0,0],[0.01,0.14],[0,0],[-0.11,0.07],[0,0],[0,0.22],[0,0],[0.07,0],[0,0],[0.13,-0.07],[0,0],[0.13,0.07],[0,0],[0.01,0.22],[0,0],[0.14,0],[-0.01,0],[0.07,0.12],[0,0]],"v":[[-15.156,14.354],[-12.986,14.354],[-12.727,14.264],[-10.947,12.734],[-10.807,12.434],[-10.807,10.464],[-10.417,10.074],[-7.986,10.014],[-7.717,10.114],[-5.137,12.354],[-5.007,12.654],[-5.007,14.264],[-4.967,14.444],[-3.816,16.724],[-3.257,16.884],[-2.507,16.434],[-2.316,16.094],[-2.316,14.174],[-2.186,13.874],[0.104,11.844],[0.363,11.744],[1.324,11.744],[1.643,11.904],[3.184,13.884],[3.264,14.134],[3.264,17.364],[3.663,17.764],[4.064,17.364],[4.064,15.994],[4.714,15.674],[6.053,16.764],[6.564,16.764],[7.393,16.074],[7.544,15.764],[7.544,12.334],[7.913,11.934],[10.163,11.764],[10.473,11.574],[12.124,8.794],[12.184,8.594],[12.184,4.174],[12.583,3.774],[14.764,3.774],[15.053,3.644],[18.454,-0.026],[18.564,-0.296],[18.564,-2.576],[18.163,-2.976],[17.794,-2.976],[17.493,-3.636],[19.533,-5.886],[19.824,-6.016],[23.993,-6.016],[24.264,-6.126],[25.413,-7.216],[25.684,-7.326],[26.934,-7.326],[27.193,-6.626],[25.083,-4.766],[24.954,-4.456],[24.993,-2.676],[25.693,-2.426],[29.324,-6.506],[29.624,-6.646],[30.044,-6.646],[30.264,-6.706],[32.594,-8.216],[32.773,-8.556],[32.773,-11.706],[32.374,-12.106],[26.173,-12.106],[25.923,-12.196],[24.984,-12.966],[24.734,-13.056],[15.773,-13.056],[15.473,-13.196],[14.264,-14.646],[13.954,-14.796],[7.324,-14.796],[7.064,-15.496],[8.673,-16.856],[8.654,-17.486],[8.374,-17.686],[8.133,-17.766],[3.704,-17.766],[3.553,-17.736],[-4.107,-14.536],[-4.346,-14.166],[-4.346,-12.796],[-4.747,-12.396],[-9.936,-12.326],[-10.077,-12.306],[-19.117,-8.906],[-19.646,-9.276],[-19.646,-11.826],[-19.917,-12.206],[-22.467,-13.146],[-22.777,-13.126],[-25.686,-11.806],[-25.867,-11.626],[-28.876,-6.046],[-28.926,-5.826],[-28.667,-2.766],[-28.837,-2.406],[-32.607,0.174],[-32.777,0.504],[-32.777,3.734],[-32.376,4.134],[-31.217,4.134],[-31.016,4.074],[-27.176,1.784],[-26.777,1.784],[-24.566,3.004],[-24.357,3.344],[-24.307,4.894],[-23.896,5.284],[-21.497,5.224],[-21.146,5.414],[-15.486,14.174],[-15.156,14.354]],"c":false},"ix":2},"nm":"Path 1","mn":"ADBE Vector Shape - Group","hd":false},{"ty":"fl","c":{"a":0,"k":[0.72,0.9113,1,1],"ix":4},"o":{"a":0,"k":100,"ix":5},"r":1,"bm":0,"nm":"Fill 1","mn":"ADBE Vector Graphic - Fill","hd":false},{"ty":"tr","p":{"a":0,"k":[0,0],"ix":2},"a":{"a":0,"k":[0,0],"ix":1},"s":{"a":0,"k":[300,300],"ix":3},"r":{"a":0,"k":0,"ix":6},"o":{"a":0,"k":100,"ix":7},"sk":{"a":0,"k":0,"ix":4},"sa":{"a":0,"k":0,"ix":5},"nm":"Transform"}],"nm":"Fill 39","np":2,"cix":2,"bm":0,"ix":1,"mn":"ADBE Vector Group","hd":false}],"ip":0,"op":3600,"st":0,"bm":0},{"ddd":0,"ind":11,"ty":4,"nm":"Fill 60","sr":1,"ks":{"o":{"a":0,"k":100,"ix":11},"r":{"a":0,"k":0,"ix":10},"p":{"a":0,"k":[278.849,191.777,0],"ix":2},"a":{"a":0,"k":[0,0,0],"ix":1},"s":{"a":0,"k":[100,100,100],"ix":6}},"ao":0,"shapes":[{"ty":"gr","it":[{"ind":0,"ty":"sh","ix":1,"ks":{"a":0,"k":{"i":[[0,0],[0,0],[-0.18,-0.19],[0,0],[-0.3,0],[0,0],[0,-0.58],[0.05,-0.13],[0,0],[-0.01,-0.15],[0,0],[-0.03,-0.1],[0,0],[0,-0.13],[0,0],[-0.05,-0.12],[0,0],[-0.5,0.11],[0,0],[-0.14,0.31],[0,0],[-0.01,0.15],[-0.01,0],[-0.23,0.2],[0,0],[0,0.3],[0,0],[-0.18,0.19],[0,0],[0,0.26],[0,0],[0.58,0],[0,0],[0.19,0.31],[0,0],[0.34,0.02],[0,0],[0.17,0.16],[0,0],[0.27,0],[0,0],[0.2,-0.25],[0,0],[0,-0.24]],"o":[[0,0],[0,0.26],[0,0],[0.2,0.22],[0,0],[0.58,0],[0,0.13],[0,0],[-0.06,0.14],[0,0],[0,0.1],[0,0],[0.04,0.11],[0,0],[0,0.13],[0,0],[0.19,0.48],[0,0],[0.33,-0.06],[0,0],[0.06,-0.14],[-0.01,0],[-0.01,-0.31],[0,0],[0.23,-0.2],[0,0],[0,-0.26],[0,0],[0.17,-0.19],[0,0],[0,-0.58],[0,0],[-0.36,0],[0,0],[-0.18,-0.29],[0,0],[-0.24,-0.02],[-0.01,0],[-0.2,-0.19],[0,0],[-0.31,0],[0,0],[-0.16,0.19],[0,0]],"v":[[-11.938,-8.384],[-11.938,-5.354],[-11.667,-4.654],[-9.318,-1.984],[-8.527,-1.634],[-2.977,-1.634],[-1.917,-0.584],[-1.997,-0.194],[-2.277,0.546],[-2.348,0.986],[-2.318,1.526],[-2.258,1.836],[-1.128,4.826],[-1.057,5.196],[-1.057,9.646],[-0.988,10.026],[0.462,13.746],[1.663,14.386],[3.913,13.916],[4.652,13.326],[6.133,10.106],[6.232,9.666],[6.232,8.426],[6.592,7.626],[7.762,6.626],[8.133,5.826],[8.133,2.466],[8.402,1.766],[11.673,-1.904],[11.943,-2.604],[11.943,-2.864],[10.883,-3.914],[10.783,-3.914],[9.893,-4.414],[5.533,-11.404],[4.712,-11.894],[0.372,-12.214],[-0.268,-12.494],[-2.008,-14.124],[-2.727,-14.414],[-6.818,-14.414],[-7.628,-14.024],[-11.697,-9.054],[-11.938,-8.384]],"c":false},"ix":2},"nm":"Path 1","mn":"ADBE Vector Shape - Group","hd":false},{"ty":"fl","c":{"a":0,"k":[0.72,0.9113,1,1],"ix":4},"o":{"a":0,"k":100,"ix":5},"r":1,"bm":0,"nm":"Fill 1","mn":"ADBE Vector Graphic - Fill","hd":false},{"ty":"tr","p":{"a":0,"k":[0,0],"ix":2},"a":{"a":0,"k":[0,0],"ix":1},"s":{"a":0,"k":[300,300],"ix":3},"r":{"a":0,"k":0,"ix":6},"o":{"a":0,"k":100,"ix":7},"sk":{"a":0,"k":0,"ix":4},"sa":{"a":0,"k":0,"ix":5},"nm":"Transform"}],"nm":"Fill 37","np":2,"cix":2,"bm":0,"ix":1,"mn":"ADBE Vector Group","hd":false}],"ip":0,"op":3600,"st":0,"bm":0},{"ddd":0,"ind":12,"ty":4,"nm":"Fill 59","td":1,"sr":1,"ks":{"o":{"a":0,"k":100,"ix":11},"r":{"a":0,"k":0,"ix":10},"p":{"a":0,"k":[197.271,222.364,0],"ix":2},"a":{"a":0,"k":[0,0,0],"ix":1},"s":{"a":0,"k":[100,100,100],"ix":6}},"ao":0,"shapes":[{"ty":"gr","it":[{"ind":0,"ty":"sh","ix":1,"ks":{"a":0,"k":{"i":[[0,0],[0,0],[0.1,-0.1],[0,0],[0,-0.14],[0,0],[-0.08,-0.1],[0,0],[0,-0.13],[0,0],[0.01,-0.02],[0,0],[0,-0.03],[0,0],[-0.08,-0.1],[0,0],[-0.18,0],[0,0.32],[0,0],[-0.08,0.1],[0,0],[0,0.13],[0,0],[-0.16,0.11],[0,0],[0,0.2],[0,0],[-0.11,0.11],[0,0],[0,0.16],[0,0],[0.14,0.11],[0,0],[0.13,0],[0,0],[0.11,0.12],[0,0],[0.17,0],[0,0],[0,-0.32]],"o":[[0,0],[0,0.15],[0,0],[-0.1,0.11],[0,0],[0,0.13],[0,0],[0.08,0.1],[0,0],[0,0.03],[0,0],[0,0.02],[0,0],[0,0.13],[0,0],[0.11,0.14],[0.32,0],[0,0],[0,-0.13],[0,0],[0.08,-0.1],[0,0],[0,-0.19],[0,0],[0.16,-0.1],[0,0],[0,-0.15],[0,0],[0.11,-0.11],[0,0],[0,-0.19],[0,0],[-0.1,-0.07],[0,0],[-0.16,0],[0,0],[-0.11,-0.12],[0,0],[-0.32,0],[0,0]],"v":[[-7.148,-12.499],[-7.148,-11.079],[-7.308,-10.689],[-8.198,-9.71],[-8.348,-9.32],[-8.348,-7.41],[-8.228,-7.049],[-4.878,-2.74],[-4.758,-2.38],[-4.758,1.29],[-4.768,1.37],[-6.008,10.161],[-6.008,10.24],[-6.008,11.581],[-5.888,11.93],[-5.208,12.85],[-4.738,13.081],[-4.158,12.501],[-4.158,11.811],[-4.038,11.46],[3.282,1.811],[3.402,1.46],[3.402,0.77],[3.662,0.29],[6.512,-1.6],[6.772,-2.079],[6.772,-4.52],[6.942,-4.93],[8.182,-6.169],[8.352,-6.579],[8.352,-7.02],[8.122,-7.49],[6.542,-8.669],[6.192,-8.779],[2.892,-8.779],[2.462,-8.969],[-1.108,-12.889],[-1.538,-13.079],[-6.568,-13.079],[-7.148,-12.499]],"c":false},"ix":2},"nm":"Path 1","mn":"ADBE Vector Shape - Group","hd":false},{"ty":"fl","c":{"a":0,"k":[0.72,0.9113,1,1],"ix":4},"o":{"a":0,"k":100,"ix":5},"r":1,"bm":0,"nm":"Fill 1","mn":"ADBE Vector Graphic - Fill","hd":false},{"ty":"tr","p":{"a":0,"k":[0,0],"ix":2},"a":{"a":0,"k":[0,0],"ix":1},"s":{"a":0,"k":[300,300],"ix":3},"r":{"a":0,"k":0,"ix":6},"o":{"a":0,"k":100,"ix":7},"sk":{"a":0,"k":0,"ix":4},"sa":{"a":0,"k":0,"ix":5},"nm":"Transform"}],"nm":"Fill 35","np":2,"cix":2,"bm":0,"ix":1,"mn":"ADBE Vector Group","hd":false}],"ip":0,"op":3600,"st":0,"bm":0},{"ddd":0,"ind":13,"ty":4,"nm":"Fill 58","tt":1,"sr":1,"ks":{"o":{"a":0,"k":100,"ix":11},"r":{"a":0,"k":0,"ix":10},"p":{"a":0,"k":[139.584,134.013,0],"ix":2},"a":{"a":0,"k":[0,0,0],"ix":1},"s":{"a":0,"k":[100,100,100],"ix":6}},"ao":0,"shapes":[{"ty":"gr","it":[{"ind":0,"ty":"sh","ix":1,"ks":{"a":0,"k":{"i":[[0,0],[0,0],[-0.08,0.08],[0,0],[-0.12,0],[0,0],[-0.07,-0.07],[0,0],[0,-0.11],[0,0],[-0.07,-0.08],[0,0],[-0.06,-0.02],[0,0],[-0.06,0],[0,0],[0,0.24],[0,0],[0.23,0.01],[0,0],[0,0.24],[0,0],[0.24,-0.01],[0,0],[0.01,0.23],[0,0],[-0.23,0.01],[0,0],[-0.08,0.08],[0,0],[-0.02,0.06],[0,0],[-0.05,0.05],[0,0],[-0.11,0],[0,0],[-0.08,0.08],[0,0],[0,0.11],[0,0],[0.11,0.08],[0,0],[0.09,0],[0,0],[0,-0.23],[0,0],[-0.03,-0.06],[0,0],[0.16,-0.13],[0,0],[0,-0.12],[0,0],[0.26,0.26],[0,0],[0,0.12],[0,0],[0.14,0.07],[0,0],[0.06,0],[0,0],[0,0.22],[0,0],[-0.11,0.08],[0,0],[0,0.14],[0,0],[0.23,0],[0,0],[0,0.23],[0.16,0.07],[0,0],[0.05,0],[0,0],[0.08,0.09],[0,0],[0.12,0],[0,0],[0.07,-0.04],[0,0],[-0.27,-0.15],[0,0],[0,-0.15],[0,0],[0.05,-0.08],[0,0],[-0.34,0]],"o":[[0,0],[0.12,0],[0,0],[0.08,-0.08],[0,0],[0.1,0],[0,0],[0.09,0.08],[0,0],[0,0.1],[0,0],[0.04,0.05],[0,0],[0.06,0.02],[0,0],[0.23,0],[0,0],[0,-0.22],[0,0],[-0.23,-0.01],[0,0],[0.01,-0.24],[0,0],[-0.22,0],[0,0],[-0.01,-0.23],[0,0],[0.11,-0.01],[0,0],[0.04,-0.04],[0,0],[0.03,-0.07],[0,0],[0.08,-0.07],[0,0],[0.11,0],[0,0],[0.08,-0.08],[0,0],[0,-0.14],[0,0],[-0.07,-0.06],[0,0],[-0.23,0],[0,0],[0,0.07],[0,0],[0.1,0.17],[0,0],[-0.09,0.08],[0,0],[0,0.38],[0,0],[-0.08,-0.08],[0,0],[0,-0.17],[0,0],[-0.05,-0.03],[0,0],[-0.22,-0.01],[0,0],[0,-0.14],[0,0],[0.11,-0.08],[0,0],[0,-0.23],[0,0],[-0.23,0],[0,-0.18],[0,0],[-0.05,-0.02],[0,0],[-0.12,0],[0,0],[-0.08,-0.09],[0,0],[-0.08,0],[0,0],[-0.25,0.18],[0,0],[0.13,0.08],[0,0],[0,0.09],[0,0],[-0.19,0.28],[0,0]],"v":[[-18.878,-6.801],[-16.118,-6.801],[-15.808,-6.931],[-14.858,-7.971],[-14.548,-8.101],[-12.068,-8.101],[-11.788,-7.991],[-4.428,-1.271],[-4.288,-0.961],[-4.288,3.819],[-4.188,4.089],[2.932,12.489],[3.082,12.599],[7.482,14.489],[7.652,14.519],[8.942,14.519],[9.362,14.099],[9.362,13.999],[8.952,13.579],[8.312,13.559],[7.902,13.119],[7.932,12.569],[7.502,12.139],[5.742,12.179],[5.322,11.769],[5.192,8.299],[5.582,7.869],[9.732,7.679],[10.022,7.539],[12.672,4.579],[12.762,4.429],[14.272,-0.281],[14.382,-0.451],[15.922,-2.001],[16.222,-2.121],[18.482,-2.121],[18.782,-2.251],[19.412,-2.921],[19.532,-3.211],[19.532,-3.971],[19.352,-4.311],[13.382,-8.671],[13.142,-8.751],[12.342,-8.751],[11.922,-8.331],[11.972,-6.361],[12.022,-6.161],[12.392,-5.521],[12.292,-4.991],[11.412,-4.261],[11.262,-3.941],[11.262,-3.351],[10.552,-3.051],[10.462,-3.141],[10.342,-3.441],[10.342,-4.191],[10.102,-4.571],[7.202,-5.941],[7.042,-5.981],[6.052,-6.021],[5.652,-6.431],[5.612,-7.881],[5.782,-8.231],[8.202,-9.991],[8.382,-10.331],[8.382,-11.821],[7.962,-12.241],[-1.098,-12.241],[-1.518,-12.651],[-1.788,-13.051],[-3.298,-13.621],[-3.448,-13.651],[-14.328,-13.651],[-14.638,-13.791],[-15.148,-14.381],[-15.468,-14.521],[-16.838,-14.521],[-17.068,-14.451],[-19.348,-12.891],[-19.318,-12.181],[-18.368,-11.651],[-18.158,-11.291],[-18.108,-9.161],[-18.188,-8.911],[-19.218,-7.461],[-18.878,-6.801]],"c":false},"ix":2},"nm":"Path 1","mn":"ADBE Vector Shape - Group","hd":false},{"ty":"fl","c":{"a":0,"k":[0.72,0.9113,1,1],"ix":4},"o":{"a":0,"k":100,"ix":5},"r":1,"bm":0,"nm":"Fill 1","mn":"ADBE Vector Graphic - Fill","hd":false},{"ty":"tr","p":{"a":0,"k":[0,0],"ix":2},"a":{"a":0,"k":[0,0],"ix":1},"s":{"a":0,"k":[300,300],"ix":3},"r":{"a":0,"k":0,"ix":6},"o":{"a":0,"k":100,"ix":7},"sk":{"a":0,"k":0,"ix":4},"sa":{"a":0,"k":0,"ix":5},"nm":"Transform"}],"nm":"Fill 32","np":2,"cix":2,"bm":0,"ix":1,"mn":"ADBE Vector Group","hd":false}],"ip":0,"op":3600,"st":0,"bm":0},{"ddd":0,"ind":14,"ty":4,"nm":"Fill 57","sr":1,"ks":{"o":{"a":0,"k":100,"ix":11},"r":{"a":0,"k":0,"ix":10},"p":{"a":0,"k":[575.055,94.117,0],"ix":2},"a":{"a":0,"k":[0,0,0],"ix":1},"s":{"a":0,"k":[100,100,100],"ix":6}},"ao":0,"shapes":[{"ty":"gr","it":[{"ind":0,"ty":"sh","ix":1,"ks":{"a":0,"k":{"i":[[0,0],[0,0],[-0.29,-0.17],[0,0],[-0.16,0],[0,0],[-0.17,-0.13],[0,0],[0,-0.28],[0,0],[-0.52,0],[0,0.52],[0,0],[0.26,0.18],[0,0],[0.19,0],[0,0],[0,-0.52]],"o":[[0,0],[0,0.34],[0,0],[0.14,0.08],[0,0],[0.22,0],[0,0],[0.22,0.17],[0,0],[0,0.52],[0.52,0],[0,0],[0,-0.31],[0,0],[-0.16,-0.1],[0,0],[-0.52,0],[0,0]],"v":[[-4.351,-2.026],[-4.351,-1.766],[-3.881,-0.946],[-3.481,-0.716],[-3.011,-0.586],[0.019,-0.586],[0.629,-0.376],[2.119,0.874],[2.469,1.594],[2.469,2.024],[3.409,2.964],[4.349,2.024],[4.349,0.494],[3.939,-0.286],[0.239,-2.806],[-0.291,-2.966],[-3.411,-2.966],[-4.351,-2.026]],"c":false},"ix":2},"nm":"Path 1","mn":"ADBE Vector Shape - Group","hd":false},{"ty":"fl","c":{"a":0,"k":[0.72,0.9113,1,1],"ix":4},"o":{"a":0,"k":100,"ix":5},"r":1,"bm":0,"nm":"Fill 1","mn":"ADBE Vector Graphic - Fill","hd":false},{"ty":"tr","p":{"a":0,"k":[0,0],"ix":2},"a":{"a":0,"k":[0,0],"ix":1},"s":{"a":0,"k":[300,300],"ix":3},"r":{"a":0,"k":0,"ix":6},"o":{"a":0,"k":100,"ix":7},"sk":{"a":0,"k":0,"ix":4},"sa":{"a":0,"k":0,"ix":5},"nm":"Transform"}],"nm":"Fill 57","np":2,"cix":2,"bm":0,"ix":1,"mn":"ADBE Vector Group","hd":false}],"ip":0,"op":3600,"st":0,"bm":0},{"ddd":0,"ind":15,"ty":4,"nm":"Fill 55","sr":1,"ks":{"o":{"a":0,"k":100,"ix":11},"r":{"a":0,"k":0,"ix":10},"p":{"a":0,"k":[613.887,85.219,0],"ix":2},"a":{"a":0,"k":[0,0,0],"ix":1},"s":{"a":0,"k":[100,100,100],"ix":6}},"ao":0,"shapes":[{"ty":"gr","it":[{"ind":0,"ty":"sh","ix":1,"ks":{"a":0,"k":{"i":[[0,0],[0,0],[-0.41,-0.22],[0,0],[0,-0.46],[0,0],[-0.39,-0.23],[0,0],[0,-0.46],[0,0],[-0.7,0],[0,0.7],[0,0],[-0.7,0],[0,0],[-0.23,0.2],[0,0],[0,0.38],[0,0],[0.12,0.2],[0,0],[0.44,0],[0,0],[0.2,-0.12],[0,0],[0,-0.44]],"o":[[0,0],[0,0.47],[0,0],[0.41,0.22],[0,0],[0,0.45],[0,0],[0.39,0.22],[0,0],[0,0.7],[0.71,0],[0,0],[0,-0.7],[0,0],[0.3,0],[0,0],[0.28,-0.24],[0,0],[0,-0.23],[0,0],[-0.23,-0.38],[0,0],[-0.23,0],[0,0],[-0.38,0.23],[0,0]],"v":[[-8.085,-4.62],[-8.085,-3.311],[-7.425,-2.191],[-4.615,-0.661],[-3.955,0.449],[-3.955,2.01],[-3.315,3.109],[-3.065,3.249],[-2.425,4.35],[-2.425,7.299],[-1.165,8.57],[0.105,7.299],[0.105,6.549],[1.375,5.279],[2.255,5.279],[3.075,4.98],[7.635,1.16],[8.085,0.189],[8.085,-4.98],[7.905,-5.63],[6.495,-7.96],[5.415,-8.57],[-2.365,-8.57],[-3.025,-8.391],[-7.475,-5.701],[-8.085,-4.62]],"c":false},"ix":2},"nm":"Path 1","mn":"ADBE Vector Shape - Group","hd":false},{"ty":"fl","c":{"a":0,"k":[0.72,0.9113,1,1],"ix":4},"o":{"a":0,"k":100,"ix":5},"r":1,"bm":0,"nm":"Fill 1","mn":"ADBE Vector Graphic - Fill","hd":false},{"ty":"tr","p":{"a":0,"k":[0,0],"ix":2},"a":{"a":0,"k":[0,0],"ix":1},"s":{"a":0,"k":[300,300],"ix":3},"r":{"a":0,"k":0,"ix":6},"o":{"a":0,"k":100,"ix":7},"sk":{"a":0,"k":0,"ix":4},"sa":{"a":0,"k":0,"ix":5},"nm":"Transform"}],"nm":"Fill 55","np":2,"cix":2,"bm":0,"ix":1,"mn":"ADBE Vector Group","hd":false}],"ip":0,"op":3600,"st":0,"bm":0},{"ddd":0,"ind":16,"ty":4,"nm":"Fill 53","sr":1,"ks":{"o":{"a":0,"k":100,"ix":11},"r":{"a":0,"k":0,"ix":10},"p":{"a":0,"k":[575.949,69.241,0],"ix":2},"a":{"a":0,"k":[0,0,0],"ix":1},"s":{"a":0,"k":[100,100,100],"ix":6}},"ao":0,"shapes":[{"ty":"gr","it":[{"ind":0,"ty":"sh","ix":1,"ks":{"a":0,"k":{"i":[[0,0],[0,0],[0.2,0],[0,0],[0,0.45],[0,0],[-0.24,0.14],[0,0],[0.81,0.02],[0,0.44],[0,0],[-0.44,0.01],[0,0],[0.56,-0.49]],"o":[[0,0],[-0.15,0.13],[0,0],[-0.45,0],[0,0],[0,-0.29],[0,0],[0.69,-0.42],[-0.44,-0.01],[0,0],[0,-0.44],[0,0],[0.75,0],[0,0]],"v":[[3.647,-1.354],[-0.863,2.576],[-1.403,2.776],[-3.113,2.776],[-3.923,1.966],[-3.923,1.636],[-3.533,0.946],[-2.723,0.446],[-3.133,-1.054],[-3.923,-1.864],[-3.923,-1.934],[-3.123,-2.744],[3.107,-2.774],[3.647,-1.354]],"c":false},"ix":2},"nm":"Path 1","mn":"ADBE Vector Shape - Group","hd":false},{"ty":"fl","c":{"a":0,"k":[0.72,0.9113,1,1],"ix":4},"o":{"a":0,"k":100,"ix":5},"r":1,"bm":0,"nm":"Fill 1","mn":"ADBE Vector Graphic - Fill","hd":false},{"ty":"tr","p":{"a":0,"k":[0,0],"ix":2},"a":{"a":0,"k":[0,0],"ix":1},"s":{"a":0,"k":[300,300],"ix":3},"r":{"a":0,"k":0,"ix":6},"o":{"a":0,"k":100,"ix":7},"sk":{"a":0,"k":0,"ix":4},"sa":{"a":0,"k":0,"ix":5},"nm":"Transform"}],"nm":"Fill 53","np":2,"cix":2,"bm":0,"ix":1,"mn":"ADBE Vector Group","hd":false}],"ip":0,"op":3600,"st":0,"bm":0},{"ddd":0,"ind":17,"ty":4,"nm":"Fill 51","sr":1,"ks":{"o":{"a":0,"k":100,"ix":11},"r":{"a":0,"k":0,"ix":10},"p":{"a":0,"k":[792.325,196.124,0],"ix":2},"a":{"a":0,"k":[0,0,0],"ix":1},"s":{"a":0,"k":[100,100,100],"ix":6}},"ao":0,"shapes":[{"ty":"gr","it":[{"ind":0,"ty":"sh","ix":1,"ks":{"a":0,"k":{"i":[[0,0],[0,0],[0,0],[0,0],[0,0],[0,0]],"o":[[0,0],[0,0],[0,0],[0,0],[0,0],[0,0]],"v":[[-0.671,-0.503],[-0.521,1.417],[-0.161,1.126],[-0.161,-0.113],[0.669,-0.833],[0.379,-1.413]],"c":true},"ix":2},"nm":"Path 1","mn":"ADBE Vector Shape - Group","hd":false},{"ty":"fl","c":{"a":0,"k":[0.72,0.9113,1,1],"ix":4},"o":{"a":0,"k":100,"ix":5},"r":1,"bm":0,"nm":"Fill 1","mn":"ADBE Vector Graphic - Fill","hd":false},{"ty":"tr","p":{"a":0,"k":[0,0],"ix":2},"a":{"a":0,"k":[0,0],"ix":1},"s":{"a":0,"k":[300,300],"ix":3},"r":{"a":0,"k":0,"ix":6},"o":{"a":0,"k":100,"ix":7},"sk":{"a":0,"k":0,"ix":4},"sa":{"a":0,"k":0,"ix":5},"nm":"Transform"}],"nm":"Fill 51","np":2,"cix":2,"bm":0,"ix":1,"mn":"ADBE Vector Group","hd":false}],"ip":0,"op":3600,"st":0,"bm":0},{"ddd":0,"ind":18,"ty":4,"nm":"Fill 49","sr":1,"ks":{"o":{"a":0,"k":100,"ix":11},"r":{"a":0,"k":0,"ix":10},"p":{"a":0,"k":[781.668,201.706,0],"ix":2},"a":{"a":0,"k":[0,0,0],"ix":1},"s":{"a":0,"k":[100,100,100],"ix":6}},"ao":0,"shapes":[{"ty":"gr","it":[{"ind":0,"ty":"sh","ix":1,"ks":{"a":0,"k":{"i":[[0,0],[0,0],[-0.13,-0.05],[0,0],[-0.04,0],[0,0],[0,0.18],[0.18,0.01],[0,0],[0,-0.19]],"o":[[0,0],[0,0.14],[0,0],[0.04,0.02],[0,0],[0.19,0],[0,-0.18],[0,0],[-0.19,-0.02],[0,0]],"v":[[-1.613,-0.09],[-1.613,-0.03],[-1.393,0.29],[-1.094,0.4],[-0.973,0.42],[1.277,0.42],[1.617,0.09],[1.296,-0.25],[-1.253,-0.42],[-1.613,-0.09]],"c":false},"ix":2},"nm":"Path 1","mn":"ADBE Vector Shape - Group","hd":false},{"ty":"fl","c":{"a":0,"k":[0.72,0.9113,1,1],"ix":4},"o":{"a":0,"k":100,"ix":5},"r":1,"bm":0,"nm":"Fill 1","mn":"ADBE Vector Graphic - Fill","hd":false},{"ty":"tr","p":{"a":0,"k":[0,0],"ix":2},"a":{"a":0,"k":[0,0],"ix":1},"s":{"a":0,"k":[300,300],"ix":3},"r":{"a":0,"k":0,"ix":6},"o":{"a":0,"k":100,"ix":7},"sk":{"a":0,"k":0,"ix":4},"sa":{"a":0,"k":0,"ix":5},"nm":"Transform"}],"nm":"Fill 49","np":2,"cix":2,"bm":0,"ix":1,"mn":"ADBE Vector Group","hd":false}],"ip":0,"op":3600,"st":0,"bm":0},{"ddd":0,"ind":19,"ty":4,"nm":"Fill 47","sr":1,"ks":{"o":{"a":0,"k":100,"ix":11},"r":{"a":0,"k":0,"ix":10},"p":{"a":0,"k":[804.779,225.058,0],"ix":2},"a":{"a":0,"k":[0,0,0],"ix":1},"s":{"a":0,"k":[100,100,100],"ix":6}},"ao":0,"shapes":[{"ty":"gr","it":[{"ind":0,"ty":"sh","ix":1,"ks":{"a":0,"k":{"i":[[0,0],[0,0],[-0.27,0],[0,0],[-0.07,0.04],[0,0],[-0.09,0],[0,0],[-0.07,-0.03],[0,0],[0,-0.2],[0,0],[-0.12,-0.09],[0,0],[-0.11,0],[0,0],[-0.09,0.15],[0,0],[0,0.09],[0,0],[0.07,0.09],[0,0],[0,0.12],[0,0],[0.16,0.09],[0,0],[0.01,-0.38],[0,0],[0.29,0.02],[0,0],[0.08,0.15],[0,0],[0.19,0],[0,0],[0.09,-0.09],[0,0],[0,-0.14],[0.26,-0.02],[0,0],[0.08,-0.07],[0,0],[0,-0.15]],"o":[[0,0],[0,0.28],[0,0],[0.08,0],[0,0],[0.08,-0.04],[0,0],[0.07,0],[0,0],[0.17,0.09],[0,0],[0,0.15],[0,0],[0.09,0.07],[0,0],[0.18,0],[0,0],[0.04,-0.08],[0,0],[0,-0.11],[0,0],[-0.07,-0.09],[0,0],[0.01,-0.19],[0,0],[-0.33,-0.19],[0,0],[-0.01,0.29],[0,0],[-0.17,-0.02],[0,0],[-0.09,-0.17],[0,0],[-0.13,0],[0,0],[-0.11,0.1],[0,0.26],[0,0],[-0.1,0],[0,0],[-0.12,0.1],[0,0]],"v":[[-7.178,-0.523],[-7.178,3.227],[-6.678,3.736],[-5.458,3.736],[-5.219,3.667],[-3.378,2.637],[-3.128,2.577],[0.611,2.607],[0.831,2.656],[1.842,3.156],[2.122,3.617],[2.122,3.926],[2.311,4.316],[3.781,5.477],[4.092,5.587],[5.152,5.587],[5.581,5.337],[7.111,2.727],[7.182,2.477],[7.182,0.247],[7.072,-0.064],[4.391,-3.413],[4.281,-3.743],[4.301,-4.484],[4.051,-4.934],[4.021,-4.954],[3.271,-4.533],[3.242,-3.833],[2.702,-3.344],[2.161,-3.383],[1.762,-3.654],[0.872,-5.314],[0.421,-5.583],[-0.449,-5.583],[-0.798,-5.443],[-1.288,-4.973],[-1.449,-4.604],[-1.919,-4.104],[-2.958,-4.033],[-3.238,-3.923],[-6.988,-0.913],[-7.178,-0.523]],"c":false},"ix":2},"nm":"Path 1","mn":"ADBE Vector Shape - Group","hd":false},{"ty":"fl","c":{"a":0,"k":[0.72,0.9113,1,1],"ix":4},"o":{"a":0,"k":100,"ix":5},"r":1,"bm":0,"nm":"Fill 1","mn":"ADBE Vector Graphic - Fill","hd":false},{"ty":"tr","p":{"a":0,"k":[0,0],"ix":2},"a":{"a":0,"k":[0,0],"ix":1},"s":{"a":0,"k":[300,300],"ix":3},"r":{"a":0,"k":0,"ix":6},"o":{"a":0,"k":100,"ix":7},"sk":{"a":0,"k":0,"ix":4},"sa":{"a":0,"k":0,"ix":5},"nm":"Transform"}],"nm":"Fill 47","np":2,"cix":2,"bm":0,"ix":1,"mn":"ADBE Vector Group","hd":false}],"ip":0,"op":3600,"st":0,"bm":0},{"ddd":0,"ind":20,"ty":4,"nm":"Fill 45","sr":1,"ks":{"o":{"a":0,"k":100,"ix":11},"r":{"a":0,"k":0,"ix":10},"p":{"a":0,"k":[811.142,198.789,0],"ix":2},"a":{"a":0,"k":[0,0,0],"ix":1},"s":{"a":0,"k":[100,100,100],"ix":6}},"ao":0,"shapes":[{"ty":"gr","it":[{"ind":0,"ty":"sh","ix":1,"ks":{"a":0,"k":{"i":[[0,0],[0,0],[0,0],[0,0],[0,0],[0,0],[0,0],[0,0],[0,0],[0,0],[0,0],[0,0],[0,0],[0,0],[0,0]],"o":[[0,0],[0,0],[0,0],[0,0],[0,0],[0,0],[0,0],[0,0],[0,0],[0,0],[0,0],[0,0],[0,0],[0,0],[0,0]],"v":[[-2.773,-1.396],[-2.773,-1.036],[-2.154,-0.166],[-1.393,-0.166],[-0.014,0.674],[-0.014,1.394],[1.577,1.394],[1.867,1.074],[2.777,0.994],[2.777,0.524],[-0.003,-1.066],[-0.594,-1.066],[-0.923,-0.816],[-1.574,-0.816],[-1.544,-1.396]],"c":true},"ix":2},"nm":"Path 1","mn":"ADBE Vector Shape - Group","hd":false},{"ty":"fl","c":{"a":0,"k":[0.72,0.9113,1,1],"ix":4},"o":{"a":0,"k":100,"ix":5},"r":1,"bm":0,"nm":"Fill 1","mn":"ADBE Vector Graphic - Fill","hd":false},{"ty":"tr","p":{"a":0,"k":[0,0],"ix":2},"a":{"a":0,"k":[0,0],"ix":1},"s":{"a":0,"k":[300,300],"ix":3},"r":{"a":0,"k":0,"ix":6},"o":{"a":0,"k":100,"ix":7},"sk":{"a":0,"k":0,"ix":4},"sa":{"a":0,"k":0,"ix":5},"nm":"Transform"}],"nm":"Fill 45","np":2,"cix":2,"bm":0,"ix":1,"mn":"ADBE Vector Group","hd":false}],"ip":0,"op":3600,"st":0,"bm":0},{"ddd":0,"ind":21,"ty":4,"nm":"Fill 43","sr":1,"ks":{"o":{"a":0,"k":100,"ix":11},"r":{"a":0,"k":0,"ix":10},"p":{"a":0,"k":[782.589,191.881,0],"ix":2},"a":{"a":0,"k":[0,0,0],"ix":1},"s":{"a":0,"k":[100,100,100],"ix":6}},"ao":0,"shapes":[{"ty":"gr","it":[{"ind":0,"ty":"sh","ix":1,"ks":{"a":0,"k":{"i":[[0,0],[0,0],[0,0],[0,0],[0,0],[0,0],[0,0]],"o":[[0,0],[0,0],[0,0],[0,0],[0,0],[0,0],[0,0]],"v":[[-1.704,0.149],[-1.704,0.739],[-0.764,1.739],[1.056,1.739],[1.706,0.329],[1.706,-1.741],[0.906,-1.741]],"c":true},"ix":2},"nm":"Path 1","mn":"ADBE Vector Shape - Group","hd":false},{"ty":"fl","c":{"a":0,"k":[0.72,0.9113,1,1],"ix":4},"o":{"a":0,"k":100,"ix":5},"r":1,"bm":0,"nm":"Fill 1","mn":"ADBE Vector Graphic - Fill","hd":false},{"ty":"tr","p":{"a":0,"k":[0,0],"ix":2},"a":{"a":0,"k":[0,0],"ix":1},"s":{"a":0,"k":[300,300],"ix":3},"r":{"a":0,"k":0,"ix":6},"o":{"a":0,"k":100,"ix":7},"sk":{"a":0,"k":0,"ix":4},"sa":{"a":0,"k":0,"ix":5},"nm":"Transform"}],"nm":"Fill 43","np":2,"cix":2,"bm":0,"ix":1,"mn":"ADBE Vector Group","hd":false}],"ip":0,"op":3600,"st":0,"bm":0},{"ddd":0,"ind":22,"ty":4,"nm":"Fill 41","sr":1,"ks":{"o":{"a":0,"k":100,"ix":11},"r":{"a":0,"k":0,"ix":10},"p":{"a":0,"k":[769.484,194.111,0],"ix":2},"a":{"a":0,"k":[0,0,0],"ix":1},"s":{"a":0,"k":[100,100,100],"ix":6}},"ao":0,"shapes":[{"ty":"gr","it":[{"ind":0,"ty":"sh","ix":1,"ks":{"a":0,"k":{"i":[[0,0],[0,0],[0,0],[0,0],[0,0]],"o":[[0,0],[0,0],[0,0],[0,0],[0,0]],"v":[[-1.794,-2.085],[-1.174,-2.085],[1.796,0.855],[1.796,2.085],[1.066,2.085]],"c":true},"ix":2},"nm":"Path 1","mn":"ADBE Vector Shape - Group","hd":false},{"ty":"fl","c":{"a":0,"k":[0.72,0.9113,1,1],"ix":4},"o":{"a":0,"k":100,"ix":5},"r":1,"bm":0,"nm":"Fill 1","mn":"ADBE Vector Graphic - Fill","hd":false},{"ty":"tr","p":{"a":0,"k":[0,0],"ix":2},"a":{"a":0,"k":[0,0],"ix":1},"s":{"a":0,"k":[300,300],"ix":3},"r":{"a":0,"k":0,"ix":6},"o":{"a":0,"k":100,"ix":7},"sk":{"a":0,"k":0,"ix":4},"sa":{"a":0,"k":0,"ix":5},"nm":"Transform"}],"nm":"Fill 41","np":2,"cix":2,"bm":0,"ix":1,"mn":"ADBE Vector Group","hd":false}],"ip":0,"op":3600,"st":0,"bm":0},{"ddd":0,"ind":23,"ty":4,"nm":"Fill 39","sr":1,"ks":{"o":{"a":0,"k":100,"ix":11},"r":{"a":0,"k":0,"ix":10},"p":{"a":0,"k":[756.27,130.861,0],"ix":2},"a":{"a":0,"k":[0,0,0],"ix":1},"s":{"a":0,"k":[100,100,100],"ix":6}},"ao":0,"shapes":[{"ty":"gr","it":[{"ind":0,"ty":"sh","ix":1,"ks":{"a":0,"k":{"i":[[0,0],[0,0],[-0.07,0.06],[0,0],[0,0.12],[0,0],[-0.22,0],[0,0],[-0.07,-0.07],[0,0],[0,-0.11],[0,0],[-0.02,-0.06],[0,0],[-0.2,0.12],[0,0],[0,0.14],[0,0],[-0.09,0.08],[0,0],[-0.09,0],[0,0],[-0.08,-0.1],[0,0],[0,-0.09],[0,0],[-0.22,0],[0,0.22],[0,0],[-0.27,-0.21],[0,0],[-0.15,0.12],[0,0],[0,0.12],[0,0],[-0.21,0.02],[0,0],[-0.07,0.11],[0,0],[0,0.07],[0,0],[-0.22,0],[0,0],[-0.07,0.08],[0,0],[0,0.1],[0,0],[0.22,0],[0,0],[-0.23,0.25],[0,0],[-0.11,0],[0,0],[-0.07,0.07],[0,0],[-0.1,0],[0,0],[0.28,-0.24],[0,0],[-0.01,-0.12],[0,0],[-0.25,0.27],[0,0],[-0.12,0],[0,0],[-0.06,0.04],[0,0],[0,0.14],[0,0],[0.22,0],[0,0],[0.07,0.05],[0,0],[0.09,0],[0,0],[0.07,0.09],[0,0],[0.12,0],[0,0],[-0.28,0.24],[0,0],[0.21,0.15],[0,0],[0.09,0],[0,0],[0.05,-0.02],[0,0],[0,-0.16],[0,0],[0.22,0],[0,0],[0.05,-0.01],[0,0],[-0.01,0.28],[-0.01,0],[0.16,0.06],[0,0],[0.1,-0.05],[0,0],[0.04,-0.08],[0,0],[0,-0.08],[0,0],[0.12,-0.08],[0,0],[0,-0.13],[0,0],[-0.22,0],[0,0],[-0.06,0.04],[0,0],[-0.12,-0.07],[0,0],[-0.01,-0.14],[0,0],[-0.22,0.01],[0,0],[-0.08,-0.12],[0,0],[-0.14,0]],"o":[[0,0],[0.1,0],[0,0],[0.09,-0.07],[0,0],[0,-0.21],[0,0],[0.1,-0.01],[0,0],[0.08,0.07],[0,0],[0,0.06],[0,0],[0.1,0.21],[0,0],[0.11,-0.07],[0,0],[0,-0.11],[0,0],[0.07,-0.06],[0,0],[0.13,0],[0,0],[0.05,0.07],[0,0],[0,0.22],[0.22,0],[0,0],[0,-0.34],[0,0],[0.15,0.12],[0,0],[0.09,-0.08],[0,0],[0,-0.21],[0,0],[0.13,-0.01],[0,0],[0.04,-0.06],[0,0],[0,-0.22],[0,0],[0.11,0],[0,0],[0.07,-0.08],[0,0],[0,-0.22],[0,0],[-0.35,0],[0,0],[0.07,-0.08],[0,0],[0.1,0],[0,0],[0.07,-0.07],[0,0],[0.37,0],[0,0],[-0.09,0.08],[0,0],[0.01,0.36],[0,0],[0.07,-0.09],[0,0],[0.08,0],[0,0],[0.11,-0.08],[0,0],[0,-0.22],[0,0],[-0.09,0],[0,0],[-0.07,-0.05],[0,0],[-0.12,0],[0,0],[-0.08,-0.09],[0,0],[-0.37,0],[0,0],[0.2,-0.17],[0,0],[-0.07,-0.05],[0,0],[-0.05,0],[0,0],[-0.15,0.07],[0,0],[0,0.22],[0,0],[-0.05,0],[0,0],[-0.26,0.1],[-0.01,0],[-0.01,-0.17],[0,0],[-0.1,-0.03],[0,0],[-0.08,0.04],[0,0],[-0.04,0.06],[0,0],[0.01,0.14],[0,0],[-0.11,0.07],[0,0],[0,0.22],[0,0],[0.07,0],[0,0],[0.13,-0.07],[0,0],[0.13,0.07],[0,0],[0.01,0.22],[0,0],[0.14,0],[-0.01,0],[0.07,0.12],[0,0]],"v":[[-15.156,14.354],[-12.986,14.354],[-12.727,14.264],[-10.947,12.734],[-10.807,12.434],[-10.807,10.464],[-10.417,10.074],[-7.986,10.014],[-7.717,10.114],[-5.137,12.354],[-5.007,12.654],[-5.007,14.264],[-4.967,14.444],[-3.816,16.724],[-3.257,16.884],[-2.507,16.434],[-2.316,16.094],[-2.316,14.174],[-2.186,13.874],[0.104,11.844],[0.363,11.744],[1.324,11.744],[1.643,11.904],[3.184,13.884],[3.264,14.134],[3.264,17.364],[3.663,17.764],[4.064,17.364],[4.064,15.994],[4.714,15.674],[6.053,16.764],[6.564,16.764],[7.393,16.074],[7.544,15.764],[7.544,12.334],[7.913,11.934],[10.163,11.764],[10.473,11.574],[12.124,8.794],[12.184,8.594],[12.184,4.174],[12.583,3.774],[14.764,3.774],[15.053,3.644],[18.454,-0.026],[18.564,-0.296],[18.564,-2.576],[18.163,-2.976],[17.794,-2.976],[17.493,-3.636],[19.533,-5.886],[19.824,-6.016],[23.993,-6.016],[24.264,-6.126],[25.413,-7.216],[25.684,-7.326],[26.934,-7.326],[27.193,-6.626],[25.083,-4.766],[24.954,-4.456],[24.993,-2.676],[25.693,-2.426],[29.324,-6.506],[29.624,-6.646],[30.044,-6.646],[30.264,-6.706],[32.594,-8.216],[32.773,-8.556],[32.773,-11.706],[32.374,-12.106],[26.173,-12.106],[25.923,-12.196],[24.984,-12.966],[24.734,-13.056],[15.773,-13.056],[15.473,-13.196],[14.264,-14.646],[13.954,-14.796],[7.324,-14.796],[7.064,-15.496],[8.673,-16.856],[8.654,-17.486],[8.374,-17.686],[8.133,-17.766],[3.704,-17.766],[3.553,-17.736],[-4.107,-14.536],[-4.346,-14.166],[-4.346,-12.796],[-4.747,-12.396],[-9.936,-12.326],[-10.077,-12.306],[-19.117,-8.906],[-19.646,-9.276],[-19.646,-11.826],[-19.917,-12.206],[-22.467,-13.146],[-22.777,-13.126],[-25.686,-11.806],[-25.867,-11.626],[-28.876,-6.046],[-28.926,-5.826],[-28.667,-2.766],[-28.837,-2.406],[-32.607,0.174],[-32.777,0.504],[-32.777,3.734],[-32.376,4.134],[-31.217,4.134],[-31.016,4.074],[-27.176,1.784],[-26.777,1.784],[-24.566,3.004],[-24.357,3.344],[-24.307,4.894],[-23.896,5.284],[-21.497,5.224],[-21.146,5.414],[-15.486,14.174],[-15.156,14.354]],"c":false},"ix":2},"nm":"Path 1","mn":"ADBE Vector Shape - Group","hd":false},{"ty":"fl","c":{"a":0,"k":[0.72,0.9113,1,1],"ix":4},"o":{"a":0,"k":100,"ix":5},"r":1,"bm":0,"nm":"Fill 1","mn":"ADBE Vector Graphic - Fill","hd":false},{"ty":"tr","p":{"a":0,"k":[0,0],"ix":2},"a":{"a":0,"k":[0,0],"ix":1},"s":{"a":0,"k":[300,300],"ix":3},"r":{"a":0,"k":0,"ix":6},"o":{"a":0,"k":100,"ix":7},"sk":{"a":0,"k":0,"ix":4},"sa":{"a":0,"k":0,"ix":5},"nm":"Transform"}],"nm":"Fill 39","np":2,"cix":2,"bm":0,"ix":1,"mn":"ADBE Vector Group","hd":false}],"ip":0,"op":3600,"st":0,"bm":0},{"ddd":0,"ind":24,"ty":4,"nm":"Fill 37","sr":1,"ks":{"o":{"a":0,"k":100,"ix":11},"r":{"a":0,"k":0,"ix":10},"p":{"a":0,"k":[678.849,191.777,0],"ix":2},"a":{"a":0,"k":[0,0,0],"ix":1},"s":{"a":0,"k":[100,100,100],"ix":6}},"ao":0,"shapes":[{"ty":"gr","it":[{"ind":0,"ty":"sh","ix":1,"ks":{"a":0,"k":{"i":[[0,0],[0,0],[-0.18,-0.19],[0,0],[-0.3,0],[0,0],[0,-0.58],[0.05,-0.13],[0,0],[-0.01,-0.15],[0,0],[-0.03,-0.1],[0,0],[0,-0.13],[0,0],[-0.05,-0.12],[0,0],[-0.5,0.11],[0,0],[-0.14,0.31],[0,0],[-0.01,0.15],[-0.01,0],[-0.23,0.2],[0,0],[0,0.3],[0,0],[-0.18,0.19],[0,0],[0,0.26],[0,0],[0.58,0],[0,0],[0.19,0.31],[0,0],[0.34,0.02],[0,0],[0.17,0.16],[0,0],[0.27,0],[0,0],[0.2,-0.25],[0,0],[0,-0.24]],"o":[[0,0],[0,0.26],[0,0],[0.2,0.22],[0,0],[0.58,0],[0,0.13],[0,0],[-0.06,0.14],[0,0],[0,0.1],[0,0],[0.04,0.11],[0,0],[0,0.13],[0,0],[0.19,0.48],[0,0],[0.33,-0.06],[0,0],[0.06,-0.14],[-0.01,0],[-0.01,-0.31],[0,0],[0.23,-0.2],[0,0],[0,-0.26],[0,0],[0.17,-0.19],[0,0],[0,-0.58],[0,0],[-0.36,0],[0,0],[-0.18,-0.29],[0,0],[-0.24,-0.02],[-0.01,0],[-0.2,-0.19],[0,0],[-0.31,0],[0,0],[-0.16,0.19],[0,0]],"v":[[-11.938,-8.384],[-11.938,-5.354],[-11.667,-4.654],[-9.318,-1.984],[-8.527,-1.634],[-2.977,-1.634],[-1.917,-0.584],[-1.997,-0.194],[-2.277,0.546],[-2.348,0.986],[-2.318,1.526],[-2.258,1.836],[-1.128,4.826],[-1.057,5.196],[-1.057,9.646],[-0.988,10.026],[0.462,13.746],[1.663,14.386],[3.913,13.916],[4.652,13.326],[6.133,10.106],[6.232,9.666],[6.232,8.426],[6.592,7.626],[7.762,6.626],[8.133,5.826],[8.133,2.466],[8.402,1.766],[11.673,-1.904],[11.943,-2.604],[11.943,-2.864],[10.883,-3.914],[10.783,-3.914],[9.893,-4.414],[5.533,-11.404],[4.712,-11.894],[0.372,-12.214],[-0.268,-12.494],[-2.008,-14.124],[-2.727,-14.414],[-6.818,-14.414],[-7.628,-14.024],[-11.697,-9.054],[-11.938,-8.384]],"c":false},"ix":2},"nm":"Path 1","mn":"ADBE Vector Shape - Group","hd":false},{"ty":"fl","c":{"a":0,"k":[0.72,0.9113,1,1],"ix":4},"o":{"a":0,"k":100,"ix":5},"r":1,"bm":0,"nm":"Fill 1","mn":"ADBE Vector Graphic - Fill","hd":false},{"ty":"tr","p":{"a":0,"k":[0,0],"ix":2},"a":{"a":0,"k":[0,0],"ix":1},"s":{"a":0,"k":[300,300],"ix":3},"r":{"a":0,"k":0,"ix":6},"o":{"a":0,"k":100,"ix":7},"sk":{"a":0,"k":0,"ix":4},"sa":{"a":0,"k":0,"ix":5},"nm":"Transform"}],"nm":"Fill 37","np":2,"cix":2,"bm":0,"ix":1,"mn":"ADBE Vector Group","hd":false}],"ip":0,"op":3600,"st":0,"bm":0},{"ddd":0,"ind":25,"ty":4,"nm":"Fill 35","sr":1,"ks":{"o":{"a":0,"k":100,"ix":11},"r":{"a":0,"k":0,"ix":10},"p":{"a":0,"k":[597.271,222.364,0],"ix":2},"a":{"a":0,"k":[0,0,0],"ix":1},"s":{"a":0,"k":[100,100,100],"ix":6}},"ao":0,"shapes":[{"ty":"gr","it":[{"ind":0,"ty":"sh","ix":1,"ks":{"a":0,"k":{"i":[[0,0],[0,0],[0.1,-0.1],[0,0],[0,-0.14],[0,0],[-0.08,-0.1],[0,0],[0,-0.13],[0,0],[0.01,-0.02],[0,0],[0,-0.03],[0,0],[-0.08,-0.1],[0,0],[-0.18,0],[0,0.32],[0,0],[-0.08,0.1],[0,0],[0,0.13],[0,0],[-0.16,0.11],[0,0],[0,0.2],[0,0],[-0.11,0.11],[0,0],[0,0.16],[0,0],[0.14,0.11],[0,0],[0.13,0],[0,0],[0.11,0.12],[0,0],[0.17,0],[0,0],[0,-0.32]],"o":[[0,0],[0,0.15],[0,0],[-0.1,0.11],[0,0],[0,0.13],[0,0],[0.08,0.1],[0,0],[0,0.03],[0,0],[0,0.02],[0,0],[0,0.13],[0,0],[0.11,0.14],[0.32,0],[0,0],[0,-0.13],[0,0],[0.08,-0.1],[0,0],[0,-0.19],[0,0],[0.16,-0.1],[0,0],[0,-0.15],[0,0],[0.11,-0.11],[0,0],[0,-0.19],[0,0],[-0.1,-0.07],[0,0],[-0.16,0],[0,0],[-0.11,-0.12],[0,0],[-0.32,0],[0,0]],"v":[[-7.148,-12.499],[-7.148,-11.079],[-7.308,-10.689],[-8.198,-9.71],[-8.348,-9.32],[-8.348,-7.41],[-8.228,-7.049],[-4.878,-2.74],[-4.758,-2.38],[-4.758,1.29],[-4.768,1.37],[-6.008,10.161],[-6.008,10.24],[-6.008,11.581],[-5.888,11.93],[-5.208,12.85],[-4.738,13.081],[-4.158,12.501],[-4.158,11.811],[-4.038,11.46],[3.282,1.811],[3.402,1.46],[3.402,0.77],[3.662,0.29],[6.512,-1.6],[6.772,-2.079],[6.772,-4.52],[6.942,-4.93],[8.182,-6.169],[8.352,-6.579],[8.352,-7.02],[8.122,-7.49],[6.542,-8.669],[6.192,-8.779],[2.892,-8.779],[2.462,-8.969],[-1.108,-12.889],[-1.538,-13.079],[-6.568,-13.079],[-7.148,-12.499]],"c":false},"ix":2},"nm":"Path 1","mn":"ADBE Vector Shape - Group","hd":false},{"ty":"fl","c":{"a":0,"k":[0.72,0.9113,1,1],"ix":4},"o":{"a":0,"k":100,"ix":5},"r":1,"bm":0,"nm":"Fill 1","mn":"ADBE Vector Graphic - Fill","hd":false},{"ty":"tr","p":{"a":0,"k":[0,0],"ix":2},"a":{"a":0,"k":[0,0],"ix":1},"s":{"a":0,"k":[300,300],"ix":3},"r":{"a":0,"k":0,"ix":6},"o":{"a":0,"k":100,"ix":7},"sk":{"a":0,"k":0,"ix":4},"sa":{"a":0,"k":0,"ix":5},"nm":"Transform"}],"nm":"Fill 35","np":2,"cix":2,"bm":0,"ix":1,"mn":"ADBE Vector Group","hd":false}],"ip":0,"op":3600,"st":0,"bm":0},{"ddd":0,"ind":26,"ty":4,"nm":"▨ Clip 34","td":1,"sr":1,"ks":{"o":{"a":0,"k":100,"ix":11},"r":{"a":0,"k":0,"ix":10},"p":{"a":0,"k":[339.584,134.013,0],"ix":2},"a":{"a":0,"k":[0,0,0],"ix":1},"s":{"a":0,"k":[100,100,100],"ix":6}},"ao":0,"shapes":[{"ty":"gr","it":[{"ind":0,"ty":"sh","ix":1,"ks":{"a":0,"k":{"i":[[0,0],[0,0],[0,0],[0,0]],"o":[[0,0],[0,0],[0,0],[0,0]],"v":[[-19.528,-14.521],[19.532,-14.521],[19.532,14.519],[-19.528,14.519]],"c":true},"ix":2},"nm":"Path 1","mn":"ADBE Vector Shape - Group","hd":false},{"ty":"tr","p":{"a":0,"k":[0,0],"ix":2},"a":{"a":0,"k":[0,0],"ix":1},"s":{"a":0,"k":[300,300],"ix":3},"r":{"a":0,"k":0,"ix":6},"o":{"a":0,"k":100,"ix":7},"sk":{"a":0,"k":0,"ix":4},"sa":{"a":0,"k":0,"ix":5},"nm":"Transform"}],"nm":"Clip 33","np":1,"cix":2,"bm":0,"ix":1,"mn":"ADBE Vector Group","hd":false},{"ty":"fl","c":{"a":0,"k":[0,0.6833,1,1],"ix":4},"o":{"a":0,"k":100,"ix":5},"r":1,"bm":0,"nm":"Fill 1","mn":"ADBE Vector Graphic - Fill","hd":false}],"ip":0,"op":3600,"st":0,"bm":0},{"ddd":0,"ind":27,"ty":4,"nm":"Fill 32","tt":1,"sr":1,"ks":{"o":{"a":0,"k":100,"ix":11},"r":{"a":0,"k":0,"ix":10},"p":{"a":0,"k":[539.584,134.013,0],"ix":2},"a":{"a":0,"k":[0,0,0],"ix":1},"s":{"a":0,"k":[100,100,100],"ix":6}},"ao":0,"shapes":[{"ty":"gr","it":[{"ind":0,"ty":"sh","ix":1,"ks":{"a":0,"k":{"i":[[0,0],[0,0],[-0.08,0.08],[0,0],[-0.12,0],[0,0],[-0.07,-0.07],[0,0],[0,-0.11],[0,0],[-0.07,-0.08],[0,0],[-0.06,-0.02],[0,0],[-0.06,0],[0,0],[0,0.24],[0,0],[0.23,0.01],[0,0],[0,0.24],[0,0],[0.24,-0.01],[0,0],[0.01,0.23],[0,0],[-0.23,0.01],[0,0],[-0.08,0.08],[0,0],[-0.02,0.06],[0,0],[-0.05,0.05],[0,0],[-0.11,0],[0,0],[-0.08,0.08],[0,0],[0,0.11],[0,0],[0.11,0.08],[0,0],[0.09,0],[0,0],[0,-0.23],[0,0],[-0.03,-0.06],[0,0],[0.16,-0.13],[0,0],[0,-0.12],[0,0],[0.26,0.26],[0,0],[0,0.12],[0,0],[0.14,0.07],[0,0],[0.06,0],[0,0],[0,0.22],[0,0],[-0.11,0.08],[0,0],[0,0.14],[0,0],[0.23,0],[0,0],[0,0.23],[0.16,0.07],[0,0],[0.05,0],[0,0],[0.08,0.09],[0,0],[0.12,0],[0,0],[0.07,-0.04],[0,0],[-0.27,-0.15],[0,0],[0,-0.15],[0,0],[0.05,-0.08],[0,0],[-0.34,0]],"o":[[0,0],[0.12,0],[0,0],[0.08,-0.08],[0,0],[0.1,0],[0,0],[0.09,0.08],[0,0],[0,0.1],[0,0],[0.04,0.05],[0,0],[0.06,0.02],[0,0],[0.23,0],[0,0],[0,-0.22],[0,0],[-0.23,-0.01],[0,0],[0.01,-0.24],[0,0],[-0.22,0],[0,0],[-0.01,-0.23],[0,0],[0.11,-0.01],[0,0],[0.04,-0.04],[0,0],[0.03,-0.07],[0,0],[0.08,-0.07],[0,0],[0.11,0],[0,0],[0.08,-0.08],[0,0],[0,-0.14],[0,0],[-0.07,-0.06],[0,0],[-0.23,0],[0,0],[0,0.07],[0,0],[0.1,0.17],[0,0],[-0.09,0.08],[0,0],[0,0.38],[0,0],[-0.08,-0.08],[0,0],[0,-0.17],[0,0],[-0.05,-0.03],[0,0],[-0.22,-0.01],[0,0],[0,-0.14],[0,0],[0.11,-0.08],[0,0],[0,-0.23],[0,0],[-0.23,0],[0,-0.18],[0,0],[-0.05,-0.02],[0,0],[-0.12,0],[0,0],[-0.08,-0.09],[0,0],[-0.08,0],[0,0],[-0.25,0.18],[0,0],[0.13,0.08],[0,0],[0,0.09],[0,0],[-0.19,0.28],[0,0]],"v":[[-18.878,-6.801],[-16.118,-6.801],[-15.808,-6.931],[-14.858,-7.971],[-14.548,-8.101],[-12.068,-8.101],[-11.788,-7.991],[-4.428,-1.271],[-4.288,-0.961],[-4.288,3.819],[-4.188,4.089],[2.932,12.489],[3.082,12.599],[7.482,14.489],[7.652,14.519],[8.942,14.519],[9.362,14.099],[9.362,13.999],[8.952,13.579],[8.312,13.559],[7.902,13.119],[7.932,12.569],[7.502,12.139],[5.742,12.179],[5.322,11.769],[5.192,8.299],[5.582,7.869],[9.732,7.679],[10.022,7.539],[12.672,4.579],[12.762,4.429],[14.272,-0.281],[14.382,-0.451],[15.922,-2.001],[16.222,-2.121],[18.482,-2.121],[18.782,-2.251],[19.412,-2.921],[19.532,-3.211],[19.532,-3.971],[19.352,-4.311],[13.382,-8.671],[13.142,-8.751],[12.342,-8.751],[11.922,-8.331],[11.972,-6.361],[12.022,-6.161],[12.392,-5.521],[12.292,-4.991],[11.412,-4.261],[11.262,-3.941],[11.262,-3.351],[10.552,-3.051],[10.462,-3.141],[10.342,-3.441],[10.342,-4.191],[10.102,-4.571],[7.202,-5.941],[7.042,-5.981],[6.052,-6.021],[5.652,-6.431],[5.612,-7.881],[5.782,-8.231],[8.202,-9.991],[8.382,-10.331],[8.382,-11.821],[7.962,-12.241],[-1.098,-12.241],[-1.518,-12.651],[-1.788,-13.051],[-3.298,-13.621],[-3.448,-13.651],[-14.328,-13.651],[-14.638,-13.791],[-15.148,-14.381],[-15.468,-14.521],[-16.838,-14.521],[-17.068,-14.451],[-19.348,-12.891],[-19.318,-12.181],[-18.368,-11.651],[-18.158,-11.291],[-18.108,-9.161],[-18.188,-8.911],[-19.218,-7.461],[-18.878,-6.801]],"c":false},"ix":2},"nm":"Path 1","mn":"ADBE Vector Shape - Group","hd":false},{"ty":"fl","c":{"a":0,"k":[0.72,0.9113,1,1],"ix":4},"o":{"a":0,"k":100,"ix":5},"r":1,"bm":0,"nm":"Fill 1","mn":"ADBE Vector Graphic - Fill","hd":false},{"ty":"tr","p":{"a":0,"k":[0,0],"ix":2},"a":{"a":0,"k":[0,0],"ix":1},"s":{"a":0,"k":[300,300],"ix":3},"r":{"a":0,"k":0,"ix":6},"o":{"a":0,"k":100,"ix":7},"sk":{"a":0,"k":0,"ix":4},"sa":{"a":0,"k":0,"ix":5},"nm":"Transform"}],"nm":"Fill 32","np":2,"cix":2,"bm":0,"ix":1,"mn":"ADBE Vector Group","hd":false}],"ip":0,"op":3600,"st":0,"bm":0}]}],"layers":[{"ddd":0,"ind":1,"ty":0,"nm":"Pre-comp 1","refId":"comp_0","sr":1,"ks":{"o":{"a":0,"k":100,"ix":11},"r":{"a":0,"k":0,"ix":10},"p":{"a":0,"k":[174,160.5,0],"ix":2},"a":{"a":0,"k":[219,160.5,0],"ix":1},"s":{"a":0,"k":[100,100,100],"ix":6}},"ao":0,"w":438,"h":321,"ip":0,"op":3600,"st":0,"bm":0}],"markers":[]}